coverage,risk
0.00019573302016050108,0.0
0.00039146604032100216,0.0
0.0005871990604815032,0.0
0.0007829320806420043,0.0
0.0009786651008025053,0.0
0.0011743981209630064,0.0
0.0013701311411235075,0.0
0.0015658641612840086,0.0
0.0017615971814445098,0.0
0.0019573302016050106,0.0
0.002153063221765512,0.0
0.002348796241926013,0.0
0.002544529262086514,0.0
0.002740262282247015,0.0
0.002935995302407516,0.0
0.0031317283225680173,0.0
0.003327461342728518,0.0
0.0035231943628890195,0.0
0.0037189273830495204,0.0
0.003914660403210021,0.0
0.004110393423370522,0.0
0.004306126443531024,0.0
0.004501859463691525,0.0
0.004697592483852026,0.0
0.004893325504012527,0.0
0.005089058524173028,0.0
0.005284791544333529,0.0
0.00548052456449403,0.0
0.005676257584654531,0.0
0.005871990604815032,0.0
0.006067723624975534,0.0
0.006263456645136035,0.0
0.0064591896652965355,0.0
0.006654922685457036,0.0
0.006850655705617537,0.0
0.007046388725778039,0.0
0.00724212174593854,0.0
0.007437854766099041,0.0
0.007633587786259542,0.0
0.007829320806420043,0.0
0.008025053826580544,0.0
0.008220786846741044,0.0
0.008416519866901546,0.0
0.008612252887062048,0.0
0.008807985907222548,0.0
0.00900371892738305,0.0
0.009199451947543551,0.0
0.009395184967704051,0.0
0.009590917987864553,0.0
0.009786651008025053,0.0
0.009982384028185555,0.0
0.010178117048346057,0.0
0.010373850068506557,0.0
0.010569583088667059,0.0
0.010765316108827559,0.0
0.01096104912898806,0.0
0.011156782149148562,0.01754385964912286
0.011352515169309062,0.017241379310344862
0.011548248189469564,0.016949152542372836
0.011743981209630064,0.01666666666666672
0.011939714229790566,0.016393442622950838
0.012135447249951067,0.016129032258064502
0.012331180270111567,0.015873015873015928
0.01252691329027207,0.015625
0.01272264631043257,0.01538461538461533
0.012918379330593071,0.015151515151515138
0.013114112350753573,0.014925373134328401
0.013309845370914073,0.014705882352941124
0.013505578391074574,0.01449275362318836
0.013701311411235075,0.014285714285714235
0.013897044431395576,0.014084507042253502
0.014092777451556078,0.01388888888888884
0.014288510471716578,0.013698630136986356
0.01448424349187708,0.013513513513513487
0.014679976512037582,0.013333333333333308
0.014875709532198082,0.013157894736842146
0.015071442552358583,0.012987012987012991
0.015267175572519083,0.012820512820512775
0.015462908592679585,0.012658227848101222
0.015658641612840085,0.012499999999999956
0.015854374633000587,0.012345679012345734
0.01605010765316109,0.012195121951219523
0.01624584067332159,0.012048192771084376
0.01644157369348209,0.011904761904761862
0.01663730671364259,0.0117647058823529
0.016833039733803092,0.011627906976744207
0.017028772753963594,0.011494252873563204
0.017224505774124096,0.011363636363636354
0.017420238794284598,0.011235955056179803
0.017615971814445096,0.011111111111111072
0.017811704834605598,0.01098901098901095
0.0180074378547661,0.010869565217391353
0.0182031708749266,0.010752688172043001
0.018398903895087103,0.010638297872340385
0.0185946369152476,0.010526315789473717
0.018790369935408103,0.01041666666666663
0.018986102955568605,0.010309278350515427
0.019181835975729106,0.010204081632653073
0.019377568995889608,0.010101010101010055
0.019573302016050106,0.010000000000000009
0.019769035036210608,0.00990099009900991
0.01996476805637111,0.009803921568627416
0.02016050107653161,0.009708737864077666
0.020356234096692113,0.009615384615384581
0.020551967116852612,0.00952380952380949
0.020747700137013114,0.009433962264150941
0.020943433157173615,0.009345794392523366
0.021139166177334117,0.0092592592592593
0.02133489919749462,0.00917431192660545
0.021530632217655117,0.009090909090909038
0.02172636523781562,0.009009009009009028
0.02192209825797612,0.008928571428571397
0.022117831278136622,0.008849557522123908
0.022313564298297124,0.00877192982456143
0.022509297318457622,0.008695652173912993
0.022705030338618124,0.008620689655172376
0.022900763358778626,0.008547008547008517
0.023096496378939128,0.008474576271186418
0.02329222939909963,0.008403361344537785
0.023487962419260128,0.008333333333333304
0.02368369543942063,0.008264462809917328
0.02387942845958113,0.008196721311475419
0.024075161479741633,0.008130081300813052
0.024270894499902135,0.008064516129032251
0.024466627520062633,0.008000000000000007
0.024662360540223135,0.007936507936507908
0.024858093560383637,0.007874015748031482
0.02505382658054414,0.0078125
0.02524955960070464,0.007751937984496138
0.02544529262086514,0.007692307692307665
0.02564102564102564,0.007633587786259555
0.025836758661186142,0.007575757575757569
0.026032491681346644,0.007518796992481258
0.026228224701507145,0.007462686567164201
0.026423957721667644,0.007407407407407418
0.026619690741828145,0.007352941176470562
0.026815423761988647,0.007299270072992692
0.02701115678214915,0.007246376811594235
0.02720688980230965,0.007194244604316502
0.02740262282247015,0.0071428571428571175
0.02759835584263065,0.007092198581560294
0.027794088862791153,0.007042253521126751
0.027989821882951654,0.006993006993006978
0.028185554903112156,0.00694444444444442
0.028381287923272658,0.006896551724137945
0.028577020943433156,0.006849315068493178
0.028772753963593658,0.006802721088435382
0.02896848698375416,0.006756756756756799
0.02916422000391466,0.006711409395973145
0.029359953024075163,0.00666666666666671
0.02955568604423566,0.0066225165562914245
0.029751419064396163,0.006578947368421018
0.029947152084556665,0.006535947712418277
0.030142885104717167,0.00649350649350644
0.03033861812487767,0.006451612903225823
0.030534351145038167,0.0064102564102563875
0.03073008416519867,0.006369426751592355
0.03092581718535917,0.006329113924050667
0.031121550205519672,0.0062893081761006275
0.03131728322568017,0.006249999999999978
0.03151301624584067,0.006211180124223614
0.031708749266001174,0.006172839506172867
0.031904482286161676,0.006134969325153339
0.03210021530632218,0.0060975609756097615
0.03229594832648268,0.0060606060606061
0.03249168134664318,0.0060240963855421326
0.03268741436680368,0.005988023952095856
0.03288314738696418,0.005952380952380931
0.03307888040712468,0.00591715976331364
0.03327461342728518,0.00588235294117645
0.03347034644744568,0.005847953216374324
0.033666079467606184,0.005813953488372103
0.033861812487766686,0.005780346820809301
0.03405754550792719,0.005747126436781658
0.03425327852808769,0.005714285714285672
0.03444901154824819,0.005681818181818232
0.03464474456840869,0.005649717514124242
0.034840477588569195,0.005617977528089901
0.03503621060872969,0.005586592178770999
0.03523194362889019,0.005555555555555536
0.03542767664905069,0.0055248618784530246
0.035623409669211195,0.005494505494505475
0.0358191426893717,0.005464480874316946
0.0360148757095322,0.005434782608695676
0.0362106087296927,0.00540540540540535
0.0364063417498532,0.005376344086021501
0.036602074770013704,0.005347593582887722
0.036797807790174206,0.005319148936170248
0.0369935408103347,0.005291005291005346
0.0371892738304952,0.0052631578947368585
0.037385006850655704,0.005235602094240788
0.037580739870816206,0.00520833333333337
0.03777647289097671,0.005181347150259086
0.03797220591113721,0.005154639175257714
0.03816793893129771,0.00512820512820511
0.03836367195145821,0.005102040816326481
0.038559404971618715,0.005076142131979711
0.038755137991779216,0.005050505050505083
0.03895087101193971,0.005025125628140725
0.03914660403210021,0.0050000000000000044
0.039342337052260715,0.00497512437810943
0.039538070072421216,0.004950495049504955
0.03973380309258172,0.0049261083743842304
0.03992953611274222,0.004901960784313708
0.04012526913290272,0.004878048780487809
0.04032100215306322,0.004854368932038833
0.040516735173223725,0.004830917874396157
0.04071246819338423,0.004807692307692291
0.04090820121354472,0.004784688995215336
0.041103934233705224,0.004761904761904745
0.041299667253865725,0.004739336492891044
0.04149540027402623,0.004716981132075526
0.04169113329418673,0.0046948356807511304
0.04188686631434723,0.004672897196261627
0.04208259933450773,0.0046511627906976605
0.042278332354668234,0.00462962962962965
0.042474065374828736,0.004608294930875556
0.04266979839498924,0.004587155963302725
0.04286553141514973,0.004566210045662156
0.043061264435310234,0.004545454545454519
0.043256997455470736,0.004524886877828038
0.04345273047563124,0.0045045045045044585
0.04364846349579174,0.004484304932735439
0.04384419651595224,0.004464285714285698
0.04403992953611274,0.004444444444444473
0.044235662556273245,0.004424778761061954
0.044431395576433746,0.004405286343612369
0.04462712859659425,0.004385964912280715
0.04482286161675474,0.004366812227074246
0.045018594636915245,0.004347826086956497
0.04521432765707575,0.0043290043290042934
0.04541006067723625,0.004310344827586188
0.04560579369739675,0.0042918454935622075
0.04580152671755725,0.004273504273504258
0.045997259737717754,0.004255319148936176
0.046192992757878255,0.004237288135593209
0.04638872577803876,0.00421940928270037
0.04658445879819926,0.004201680672268893
0.04678019181835976,0.004184100418409997
0.046975924838520255,0.004166666666666652
0.04717165785868076,0.004149377593360981
0.04736739087884126,0.004132231404958664
0.04756312389900176,0.004115226337448541
0.04775885691916226,0.004098360655737654
0.047954589939322764,0.004081632653061273
0.048150322959483266,0.004065040650406471
0.04834605597964377,0.004048582995951455
0.04854178899980427,0.0040322580645161255
0.04873752201996477,0.004016064257028162
0.048933255040125266,0.0040000000000000036
0.04912898806028577,0.003984063745019917
0.04932472108044627,0.003968253968253954
0.04952045410060677,0.0039525691699604515
0.04971618712076727,0.003937007874015741
0.049911920140927775,0.0039215686274509665
0.05010765316108828,0.00390625
0.05030338618124878,0.0038910505836575737
0.05049911920140928,0.003875968992248069
0.05069485222156978,0.0038610038610038533
0.05089058524173028,0.0038461538461538325
0.05108631826189078,0.003831417624521105
0.05128205128205128,0.003816793893129722
0.05147778430221178,0.0038022813688213253
0.051673517322372284,0.0037878787878787845
0.051869250342532786,0.0037735849056603765
0.05206498336269329,0.003759398496240629
0.05226071638285379,0.0037453183520599342
0.05245644940301429,0.003731343283582045
0.05265218242317479,0.0037174721189591198
0.05284791544333529,0.0037037037037036535
0.05304364846349579,0.0036900369003689537
0.05323938148365629,0.003676470588235281
0.05343511450381679,0.00366300366300365
0.053630847523977294,0.0036496350364964014
0.053826580544137796,0.0036363636363636598
0.0540223135642983,0.0036231884057971175
0.0542180465844588,0.0036101083032491488
0.0544137796046193,0.003597122302158251
0.0546095126247798,0.0035842293906810374
0.0548052456449403,0.0035714285714285587
0.0550009786651008,0.003558718861209953
0.0551967116852613,0.0035460992907800915
0.0553924447054218,0.0035335689045936647
0.055588177725582305,0.0035211267605633756
0.05578391074574281,0.0035087719298245723
0.05597964376590331,0.0034965034965035446
0.05617537678606381,0.0034843205574912606
0.05637110980622431,0.00347222222222221
0.056566842826384814,0.0034602076124568004
0.056762575846545316,0.0034482758620689724
0.05695830886670581,0.0034364261168384758
0.05715404188686631,0.003424657534246589
0.057349774907026814,0.0034129692832765013
0.057545507927187316,0.003401360544217691
0.05774124094734782,0.003389830508474523
0.05793697396750832,0.0033783783783783994
0.05813270698766882,0.0033670033670033517
0.05832844000782932,0.003355704697986628
0.058524173027989825,0.0033444816053511683
0.058719906048150326,0.0033333333333332993
0.05891563906831082,0.0033222591362126463
0.05911137208847132,0.0033112582781457123
0.059307105108631825,0.0033003300330033403
0.059502838128792326,0.003289473684210509
0.05969857114895283,0.003278688524590123
0.05989430416911333,0.0032679738562091387
0.06009003718927383,0.0032573289902280145
0.06028577020943433,0.0032467532467532756
0.060481503229594835,0.003236245954692518
0.06067723624975534,0.003225806451612856
0.06087296926991583,0.003215434083601254
0.061068702290076333,0.0032051282051281937
0.061264435310236835,0.0031948881789137795
0.06146016833039734,0.0031847133757961776
0.06165590135055784,0.0031746031746031633
0.06185163437071834,0.0031645569620253333
0.06204736739087884,0.003154574132492094
0.062243100411039344,0.0031446540880503138
0.062438833431199846,0.0031347962382445305
0.06263456645136034,0.0031250000000000444
0.06283029947152084,0.0031152647975077885
0.06302603249168134,0.0031055900621117516
0.06322176551184185,0.003095975232198178
0.06341749853200235,0.0030864197530864335
0.06361323155216285,0.003076923076923088
0.06380896457232335,0.0030674846625766694
0.06400469759248385,0.003058103975535187
0.06420043061264435,0.0030487804878048808
0.06439616363280486,0.003039513677811523
0.06459189665296536,0.00303030303030305
0.06478762967312586,0.0030211480362537513
0.06498336269328636,0.003012048192771122
0.06517909571344686,0.0030030030030030463
0.06537482873360737,0.0029940119760478723
0.06557056175376787,0.0029850746268657025
0.06576629477392835,0.0029761904761904656
0.06596202779408886,0.0029673590504450953
0.06615776081424936,0.00295857988165682
0.06635349383440986,0.002949852507374673
0.06654922685457036,0.002941176470588225
0.06674495987473086,0.0029325513196480912
0.06694069289489137,0.0029239766081871066
0.06713642591505187,0.002915451895043719
0.06733215893521237,0.0029069767441860517
0.06752789195537287,0.0028985507246376274
0.06772362497553337,0.0028901734104046506
0.06791935799569387,0.0028818443804035088
0.06811509101585438,0.002873563218390829
0.06831082403601488,0.005730659025787954
0.06850655705617538,0.005714285714285672
0.06870229007633588,0.005698005698005715
0.06889802309649638,0.005681818181818232
0.06909375611665688,0.005665722379603388
0.06928948913681739,0.005649717514124242
0.06948522215697789,0.005633802816901401
0.06968095517713839,0.005617977528089901
0.06987668819729888,0.0056022408963585235
0.07007242121745938,0.005586592178770999
0.07026815423761988,0.005571030640668551
0.07046388725778038,0.005555555555555536
0.07065962027794088,0.005540166204986097
0.07085535329810139,0.0055248618784530246
0.07105108631826189,0.0055096418732781816
0.07124681933842239,0.005494505494505475
0.07144255235858289,0.005479452054794498
0.0716382853787434,0.005464480874316946
0.0718340183989039,0.00544959128065392
0.0720297514190644,0.005434782608695676
0.0722254844392249,0.005420054200542035
0.0724212174593854,0.00540540540540535
0.0726169504795459,0.005390835579514808
0.0728126834997064,0.005376344086021501
0.0730084165198669,0.00536193029490617
0.07320414954002741,0.005347593582887722
0.07339988256018791,0.005333333333333301
0.07359561558034841,0.005319148936170248
0.0737913486005089,0.0053050397877983935
0.0739870816206694,0.005291005291005346
0.0741828146408299,0.00527704485488123
0.0743785476609904,0.0052631578947368585
0.0745742806811509,0.005249343832021025
0.07477001370131141,0.005235602094240788
0.07496574672147191,0.005221932114882533
0.07516147974163241,0.00520833333333337
0.07535721276179291,0.0051948051948051965
0.07555294578195342,0.005181347150259086
0.07574867880211392,0.0051679586563307955
0.07594441182227442,0.005154639175257714
0.07614014484243492,0.005141388174807249
0.07633587786259542,0.00512820512820511
0.07653161088275592,0.005115089514066473
0.07672734390291643,0.005102040816326481
0.07692307692307693,0.0050890585241730735
0.07711880994323743,0.005076142131979711
0.07731454296339793,0.005063291139240533
0.07751027598355843,0.005050505050505083
0.07770600900371892,0.005037783375314908
0.07790174202387942,0.005025125628140725
0.07809747504403992,0.005012531328320802
0.07829320806420043,0.0050000000000000044
0.07848894108436093,0.004987531172069848
0.07868467410452143,0.00497512437810943
0.07888040712468193,0.00496277915632759
0.07907614014484243,0.004950495049504955
0.07927187316500293,0.004938271604938316
0.07946760618516344,0.0049261083743842304
0.07966333920532394,0.004914004914004955
0.07985907222548444,0.004901960784313708
0.08005480524564494,0.004889975550122272
0.08025053826580544,0.004878048780487809
0.08044627128596595,0.0048661800486617945
0.08064200430612645,0.004854368932038833
0.08083773732628695,0.004842615012106588
0.08103347034644745,0.004830917874396157
0.08122920336660795,0.004819277108433773
0.08142493638676845,0.004807692307692291
0.08162066940692896,0.004796163069544335
0.08181640242708944,0.004784688995215336
0.08201213544724995,0.004773269689737458
0.08220786846741045,0.004761904761904745
0.08240360148757095,0.004750593824228044
0.08259933450773145,0.004739336492891044
0.08279506752789195,0.004728132387706863
0.08299080054805245,0.004716981132075526
0.08318653356821296,0.004705882352941226
0.08338226658837346,0.0046948356807511304
0.08357799960853396,0.004683840749414525
0.08377373262869446,0.004672897196261627
0.08396946564885496,0.004662004662004615
0.08416519866901546,0.0046511627906976605
0.08436093168917597,0.004640371229698403
0.08455666470933647,0.00462962962962965
0.08475239772949697,0.004618937644341847
0.08494813074965747,0.004608294930875556
0.08514386376981797,0.0045977011494252595
0.08533959678997848,0.004587155963302725
0.08553532981013898,0.004576659038901587
0.08573106283029946,0.004566210045662156
0.08592679585045997,0.004555808656036442
0.08612252887062047,0.004545454545454519
0.08631826189078097,0.0045351473922902175
0.08651399491094147,0.004524886877828038
0.08670972793110197,0.004514672686230292
0.08690546095126248,0.0045045045045044585
0.08710119397142298,0.004494382022471877
0.08729692699158348,0.004484304932735439
0.08749266001174398,0.004474272930648726
0.08768839303190448,0.004464285714285698
0.08788412605206498,0.0044543429844098315
0.08807985907222549,0.004444444444444473
0.08827559209238599,0.0044345898004434225
0.08847132511254649,0.004424778761061954
0.08866705813270699,0.004415011037527616
0.08886279115286749,0.004405286343612369
0.089058524173028,0.00439560439560438
0.0892542571931885,0.004385964912280715
0.089449990213349,0.004376367614879695
0.08964572323350949,0.004366812227074246
0.08984145625366999,0.004357298474945481
0.09003718927383049,0.004347826086956497
0.09023292229399099,0.004338394793926281
0.0904286553141515,0.0043290043290042934
0.090624388334312,0.004319654427645814
0.0908201213544725,0.004310344827586188
0.091015854374633,0.004301075268817178
0.0912115873947935,0.0042918454935622075
0.091407320414954,0.004282655246252709
0.0916030534351145,0.004273504273504258
0.091798786455275,0.004264392324093813
0.09199451947543551,0.004255319148936176
0.09219025249559601,0.00424628450106157
0.09238598551575651,0.004237288135593209
0.09258171853591701,0.0042283298097252064
0.09277745155607751,0.00421940928270037
0.09297318457623802,0.004210526315789442
0.09316891759639852,0.004201680672268893
0.09336465061655902,0.004192872117400381
0.09356038363671952,0.004184100418409997
0.09375611665688001,0.0041753653444676075
0.09395184967704051,0.004166666666666652
0.09414758269720101,0.004158004158004158
0.09434331571736151,0.004149377593360981
0.09453904873752202,0.0041407867494823725
0.09473478175768252,0.004132231404958664
0.09493051477784302,0.004123711340206171
0.09512624779800352,0.004115226337448541
0.09532198081816402,0.004106776180698102
0.09551771383832452,0.004098360655737654
0.09571344685848503,0.004089979550102263
0.09590917987864553,0.004081632653061273
0.09610491289880603,0.004073319755600768
0.09630064591896653,0.004065040650406471
0.09649637893912703,0.0040567951318458695
0.09669211195928754,0.004048582995951455
0.09688784497944804,0.004040404040404066
0.09708357799960854,0.0040322580645161255
0.09727931101976904,0.004024144869215318
0.09747504403992954,0.004016064257028162
0.09767077706009003,0.004008016032064132
0.09786651008025053,0.0040000000000000036
0.09806224310041103,0.003992015968063867
0.09825797612057154,0.003984063745019917
0.09845370914073204,0.003976143141153132
0.09864944216089254,0.003968253968253954
0.09884517518105304,0.003960396039603964
0.09904090820121354,0.0039525691699604515
0.09923664122137404,0.0039447731755424265
0.09943237424153455,0.003937007874015741
0.09962810726169505,0.003929273084479323
0.09982384028185555,0.0039215686274509665
0.10001957330201605,0.003913894324853229
0.10021530632217655,0.00390625
0.10041103934233706,0.003898635477582846
0.10060677236249756,0.0038910505836575737
0.10080250538265806,0.003883495145631022
0.10099823840281856,0.003875968992248069
0.10119397142297906,0.003868471953578312
0.10138970444313956,0.0038610038610038533
0.10158543746330007,0.003853564547206201
0.10178117048346055,0.0038461538461538325
0.10197690350362106,0.0038387715930902067
0.10217263652378156,0.003831417624521105
0.10236836954394206,0.003824091778202643
0.10256410256410256,0.003816793893129722
0.10275983558426306,0.003809523809523818
0.10295556860442356,0.0038022813688213253
0.10315130162458407,0.003795066413662229
0.10334703464474457,0.0037878787878787845
0.10354276766490507,0.003780718336483968
0.10373850068506557,0.0037735849056603765
0.10393423370522607,0.0037664783427495685
0.10412996672538657,0.003759398496240629
0.10432569974554708,0.0037523452157598447
0.10452143276570758,0.0037453183520599342
0.10471716578586808,0.0037383177570093906
0.10491289880602858,0.003731343283582045
0.10510863182618908,0.003724394785847296
0.10530436484634959,0.0037174721189591198
0.10550009786651009,0.0037105751391465214
0.10569583088667057,0.0037037037037036535
0.10589156390683108,0.003696857670979714
0.10608729692699158,0.0036900369003689537
0.10628302994715208,0.0036832412523020164
0.10647876296731258,0.003676470588235281
0.10667449598747308,0.003669724770642202
0.10687022900763359,0.00366300366300365
0.10706596202779409,0.003656307129798919
0.10726169504795459,0.0036496350364964014
0.10745742806811509,0.0036429872495445936
0.10765316108827559,0.0036363636363636598
0.1078488941084361,0.003629764065335772
0.1080446271285966,0.0036231884057971175
0.1082403601487571,0.003616636528028905
0.1084360931689176,0.0036101083032491488
0.1086318261890781,0.003603603603603567
0.1088275592092386,0.003597122302158251
0.1090232922293991,0.0035906642728904536
0.1092190252495596,0.0035842293906810374
0.10941475826972011,0.003577817531305927
0.1096104912898806,0.0035714285714285587
0.1098062243100411,0.0035650623885917776
0.1100019573302016,0.003558718861209953
0.1101976903503621,0.003552397868561319
0.1103934233705226,0.0035460992907800915
0.1105891563906831,0.0035398230088495852
0.1107848894108436,0.0035335689045936647
0.11098062243100411,0.003527336860670194
0.11117635545116461,0.0035211267605633756
0.11137208847132511,0.0035149384885764245
0.11156782149148561,0.0035087719298245723
0.11176355451164612,0.003502626970227629
0.11195928753180662,0.0034965034965035446
0.11215502055196712,0.003490401396160525
0.11235075357212762,0.0034843205574912606
0.11254648659228812,0.003478260869565264
0.11274221961244862,0.00347222222222221
0.11293795263260913,0.0034662045060658286
0.11313368565276963,0.0034602076124568004
0.11332941867293013,0.003454231433506094
0.11352515169309063,0.0034482758620689724
0.11372088471325112,0.0034423407917383297
0.11391661773341162,0.0034364261168384758
0.11411235075357212,0.0034305317324184736
0.11430808377373262,0.003424657534246589
0.11450381679389313,0.0034188034188034067
0.11469954981405363,0.0034129692832765013
0.11489528283421413,0.0034071550255536653
0.11509101585437463,0.003401360544217691
0.11528674887453513,0.00339558573853993
0.11548248189469563,0.003389830508474523
0.11567821491485614,0.0033840947546531774
0.11587394793501664,0.0033783783783783994
0.11606968095517714,0.003372681281618939
0.11626541397533764,0.0033670033670033517
0.11646114699549814,0.003361344537815114
0.11665688001565865,0.003355704697986628
0.11685261303581915,0.00335008375209378
0.11704834605597965,0.0033444816053511683
0.11724407907614015,0.0033388981636059967
0.11743981209630065,0.0033333333333332993
0.11763554511646114,0.0033277870216306127
0.11783127813662164,0.0033222591362126463
0.11802701115678214,0.0033167495854062867
0.11822274417694265,0.0033112582781457123
0.11841847719710315,0.0049586776859503745
0.11861421021726365,0.004950495049504955
0.11880994323742415,0.0049423393739703725
0.11900567625758465,0.004934210526315819
0.11920140927774515,0.0049261083743842304
0.11939714229790566,0.004918032786885296
0.11959287531806616,0.004909983633387904
0.11978860833822666,0.004901960784313708
0.11998434135838716,0.004893964110929905
0.12018007437854766,0.004885993485342022
0.12037580739870817,0.004878048780487809
0.12057154041886867,0.004870129870129913
0.12076727343902917,0.004862236628849326
0.12096300645918967,0.004854368932038833
0.12115873947935017,0.004846526655896577
0.12135447249951067,0.004838709677419395
0.12155020551967116,0.004830917874396157
0.12174593853983166,0.004823151125401881
0.12194167155999217,0.0048154093097912964
0.12213740458015267,0.004807692307692291
0.12233313760031317,0.0048000000000000265
0.12252887062047367,0.004792332268370614
0.12272460364063417,0.004784688995215336
0.12292033666079467,0.004777070063694322
0.12311606968095518,0.004769475357710662
0.12331180270111568,0.004761904761904745
0.12350753572127618,0.004754358161648153
0.12370326874143668,0.004746835443038
0.12389900176159718,0.004739336492891044
0.12409473478175768,0.004731861198738141
0.12429046780191819,0.0047244094488189115
0.12448620082207869,0.004716981132075526
0.12468193384223919,0.004709576138147598
0.12487766686239969,0.00470219435736674
0.1250733998825602,0.0046948356807511304
0.12526913290272068,0.004687499999999956
0.1254648659228812,0.004680187207488307
0.12566059894304168,0.004672897196261627
0.1258563319632022,0.004665629860031051
0.1260520649833627,0.004658385093167738
0.1262477980035232,0.0046511627906976605
0.1264435310236837,0.004643962848297267
0.1266392640438442,0.004636785162287493
0.1268349970640047,0.00462962962962965
0.1270307300841652,0.0046224961479198745
0.1272264631043257,0.004615384615384577
0.12742219612448621,0.004608294930875556
0.1276179291446467,0.004601226993865004
0.1278136621648072,0.004594180704441064
0.1280093951849677,0.004587155963302725
0.1282051282051282,0.004580152671755711
0.1284008612252887,0.004573170731707266
0.1285965942454492,0.004566210045662156
0.1287923272656097,0.00455927051671734
0.1289880602857702,0.004552352048558417
0.12918379330593072,0.004545454545454519
0.1293795263260912,0.004538577912254205
0.12957525934625172,0.004531722054380682
0.1297709923664122,0.004524886877828038
0.12996672538657272,0.004518072289156572
0.1301624584067332,0.004511278195488688
0.13035819142689373,0.0045045045045044585
0.13055392444705421,0.004497751124437732
0.13074965746721473,0.004491017964071808
0.13094539048737522,0.004484304932735439
0.13114112350753573,0.004477611940298498
0.13133685652769622,0.0044709388971684305
0.1315325895478567,0.004464285714285698
0.13172832256801723,0.004457652303120341
0.1319240555881777,0.004451038575667643
0.13211978860833823,0.004444444444444473
0.13231552162849872,0.004437869822485174
0.13251125464865923,0.004431314623338234
0.13270698766881972,0.004424778761061954
0.13290272068898024,0.004418262150220897
0.13309845370914072,0.004411764705882337
0.13329418672930124,0.004405286343612369
0.13348991974946173,0.004398826979472137
0.13368565276962224,0.004392386530014614
0.13388138578978273,0.004385964912280715
0.13407711880994325,0.004379562043795637
0.13427285183010373,0.004373177842565634
0.13446858485026425,0.004366812227074246
0.13466431787042474,0.0043604651162790775
0.13486005089058525,0.004354136429608135
0.13505578391074574,0.004347826086956497
0.13525151693090626,0.00434153400868309
0.13544724995106674,0.00433526011560692
0.13564298297122723,0.0043290043290042934
0.13583871599138775,0.004322766570605152
0.13603444901154824,0.004316546762589968
0.13623018203170875,0.004310344827586188
0.13642591505186924,0.004304160688665681
0.13662164807202976,0.004297994269340966
0.13681738109219024,0.0042918454935622075
0.13701311411235076,0.004285714285714337
0.13720884713251125,0.004279600570613384
0.13740458015267176,0.005698005698005715
0.13760031317283225,0.005689900426742556
0.13779604619299277,0.005681818181818232
0.13799177921315325,0.005673758865248235
0.13818751223331377,0.005665722379603388
0.13838324525347426,0.005657708628005631
0.13857897827363477,0.005649717514124242
0.13877471129379526,0.005641748942172065
0.13897044431395578,0.005633802816901401
0.13916617733411626,0.005625879043600568
0.13936191035427678,0.005617977528089901
0.13955764337443727,0.005610098176718092
0.13975337639459776,0.0056022408963585235
0.13994910941475827,0.005594405594405605
0.14014484243491876,0.005586592178770999
0.14034057545507928,0.00557880055788007
0.14053630847523976,0.005571030640668551
0.14073204149540028,0.0055632823365785455
0.14092777451556077,0.005555555555555536
0.14112350753572128,0.00554785020804438
0.14131924055588177,0.005540166204986097
0.14151497357604229,0.0055325034578146415
0.14171070659620277,0.0055248618784530246
0.1419064396163633,0.0055172413793103114
0.14210217263652378,0.0055096418732781816
0.1422979056566843,0.005502063273727598
0.14249363867684478,0.005494505494505475
0.1426893716970053,0.005486968449931462
0.14288510471716578,0.005479452054794498
0.1430808377373263,0.005471956224350261
0.1432765707574868,0.005464480874316946
0.14347230377764728,0.00545702592087316
0.1436680367978078,0.00544959128065392
0.14386376981796828,0.0054421768707483276
0.1440595028381288,0.005434782608695676
0.14425523585828928,0.005427408412483015
0.1444509688784498,0.005420054200542035
0.14464670189861029,0.005412719891745632
0.1448424349187708,0.00540540540540535
0.1450381679389313,0.005398110661268607
0.1452339009590918,0.005390835579514808
0.1454296339792523,0.0053835800807536804
0.1456253669994128,0.005376344086021501
0.1458211000195733,0.005369127516778538
0.1460168330397338,0.00536193029490617
0.1462125660598943,0.0053547523427041055
0.14640829908005482,0.005347593582887722
0.1466040321002153,0.005340453938584733
0.14679976512037582,0.005333333333333301
0.1469954981405363,0.005326231691078598
0.14719123116069682,0.005319148936170248
0.1473869641808573,0.005312084993359889
0.1475826972010178,0.0053050397877983935
0.14777843022117831,0.005298013245033095
0.1479741632413388,0.005291005291005346
0.14816989626149932,0.005284015852047519
0.1483656292816598,0.00527704485488123
0.14856136230182032,0.005270092226614009
0.1487570953219808,0.0052631578947368585
0.14895282834214132,0.005256241787122251
0.1491485613623018,0.005249343832021025
0.14934429438246233,0.005242463958060273
0.14954002740262282,0.005235602094240788
0.14973576042278333,0.005228758169934622
0.14993149344294382,0.005221932114882533
0.15012722646310434,0.0052151238591916504
0.15032295948326482,0.00520833333333337
0.15051869250342534,0.005201560468140465
0.15071442552358583,0.0051948051948051965
0.15091015854374634,0.005188067444876765
0.15110589156390683,0.005181347150259086
0.15130162458406735,0.005174644243208237
0.15149735760422783,0.0051679586563307955
0.15169309062438832,0.005161290322580614
0.15188882364454884,0.005154639175257714
0.15208455666470932,0.005148005148005175
0.15228028968486984,0.005141388174807249
0.15247602270503033,0.005134788189987138
0.15267175572519084,0.00512820512820511
0.15286748874535133,0.005121638924455829
0.15306322176551185,0.005115089514066473
0.15325895478567234,0.005108556832694733
0.15345468780583285,0.005102040816326481
0.15365042082599334,0.005095541401273884
0.15384615384615385,0.0050890585241730735
0.15404188686631434,0.0050825921219822545
0.15423761988647486,0.005076142131979711
0.15443335290663535,0.005069708491761693
0.15462908592679586,0.005063291139240533
0.15482481894695635,0.005056890012642201
0.15502055196711687,0.005050505050505083
0.15521628498727735,0.0050441361916772065
0.15541201800743784,0.005037783375314908
0.15560775102759836,0.005031446540880502
0.15580348404775884,0.005025125628140725
0.15599921706791936,0.005018820577164407
0.15619495008807985,0.005012531328320802
0.15639068310824036,0.005006257822277815
0.15658641612840085,0.0050000000000000044
0.15678214914856137,0.004993757802746579
0.15697788216872186,0.004987531172069848
0.15717361518888237,0.00498132004981322
0.15736934820904286,0.00497512437810943
0.15756508122920337,0.004968944099378869
0.15776081424936386,0.00496277915632759
0.15795654726952438,0.00495662949194553
0.15815228028968487,0.004950495049504955
0.15834801330984538,0.0049443757725586845
0.15854374633000587,0.004938271604938316
0.15873947935016638,0.004932182490752113
0.15893521237032687,0.0049261083743842304
0.1591309453904874,0.004920049200492049
0.15932667841064788,0.004914004914004955
0.15952241143080836,0.004907975460122671
0.15971814445096888,0.004901960784313708
0.15991387747112937,0.004895960832313362
0.16010961049128988,0.004889975550122272
0.16030534351145037,0.004884004884004867
0.1605010765316109,0.004878048780487809
0.16069680955177137,0.00487210718635811
0.1608925425719319,0.0048661800486617945
0.16108827559209238,0.004860267314702349
0.1612840086122529,0.004854368932038833
0.16147974163241338,0.00484848484848488
0.1616754746525739,0.004842615012106588
0.16187120767273439,0.0048367593712213
0.1620669406928949,0.004830917874396157
0.1622626737130554,0.004825090470446325
0.1624584067332159,0.004819277108433773
0.1626541397533764,0.004813477737665495
0.1628498727735369,0.004807692307692291
0.1630456057936974,0.004801920768307322
0.1632413388138579,0.004796163069544335
0.1634370718340184,0.004790419161676662
0.1636328048541789,0.004784688995215336
0.1638285378743394,0.004778972520907976
0.1640242708944999,0.004773269689737458
0.1642200039146604,0.004767580452920139
0.1644157369348209,0.004761904761904745
0.1646114699549814,0.0047562425683710385
0.1648072029751419,0.004750593824228044
0.1650029359953024,0.004744958481613271
0.1651986690154629,0.004739336492891044
0.16539440203562342,0.004733727810650845
0.1655901350557839,0.004728132387706863
0.16578586807594442,0.0047225501770956635
0.1659816010961049,0.004716981132075526
0.16617733411626542,0.004711425206124886
0.1663730671364259,0.004705882352941226
0.16656880015658643,0.004700352526439522
0.16676453317674692,0.0046948356807511304
0.16696026619690743,0.004689331770222793
0.16715599921706792,0.004683840749414525
0.1673517322372284,0.004678362573099393
0.16754746525738892,0.004672897196261627
0.1677431982775494,0.004667444574095736
0.16793893129770993,0.004662004662004615
0.1681346643178704,0.00465657741559955
0.16833039733803093,0.0046511627906976605
0.16852613035819142,0.004645760743321681
0.16872186337835193,0.004640371229698403
0.16891759639851242,0.004634994206257237
0.16911332941867294,0.00462962962962965
0.16930906243883342,0.0046242774566473965
0.16950479545899394,0.004618937644341847
0.16970052847915443,0.0046136101499423265
0.16989626149931494,0.004608294930875556
0.17009199451947543,0.004602991944764101
0.17028772753963595,0.0045977011494252595
0.17048346055979643,0.004592422502870286
0.17067919357995695,0.004587155963302725
0.17087492660011744,0.004581901489117968
0.17107065962027795,0.004576659038901587
0.17126639264043844,0.00457142857142856
0.17146212566059893,0.004566210045662156
0.17165785868075945,0.004561003420752607
0.17185359170091993,0.004555808656036442
0.17204932472108045,0.004550625711035261
0.17224505774124094,0.004545454545454519
0.17244079076140145,0.004540295119182747
0.17263652378156194,0.0045351473922902175
0.17283225680172246,0.0045300113250282825
0.17302798982188294,0.004524886877828038
0.17322372284204346,0.004519774011299438
0.17341945586220395,0.004514672686230292
0.17361518888236446,0.00450958286358516
0.17381092190252495,0.0045045045045044585
0.17400665492268547,0.004499437570303688
0.17420238794284595,0.004494382022471877
0.17439812096300647,0.004489337822671136
0.17459385398316696,0.004484304932735439
0.17478958700332747,0.004479283314669624
0.17498532002348796,0.004474272930648726
0.17518105304364848,0.004469273743016755
0.17537678606380896,0.004464285714285698
0.17557251908396945,0.004459308807134854
0.17576825210412997,0.0044543429844098315
0.17596398512429046,0.004449388209121219
0.17615971814445097,0.004444444444444473
0.17635545116461146,0.004439511653718142
0.17655118418477198,0.0044345898004434225
0.17674691720493246,0.0044296788482834915
0.17694265022509298,0.004424778761061954
0.17713838324525347,0.0044198895027623974
0.17733411626541398,0.004415011037527616
0.17752984928557447,0.004410143329658167
0.17772558230573499,0.004405286343612369
0.17792131532589547,0.004400440044004417
0.178117048346056,0.00439560439560438
0.17831278136621648,0.004390779363336983
0.178508514386377,0.004385964912280715
0.17870424740653748,0.004381161007667056
0.178899980426698,0.004376367614879695
0.17909571344685848,0.0043715846994535346
0.17929144646701897,0.004366812227074246
0.1794871794871795,0.004362050163576936
0.17968291250733998,0.004357298474945481
0.1798786455275005,0.0043525571273123065
0.18007437854766098,0.004347826086956497
0.1802701115678215,0.004343105320304019
0.18046584458798198,0.004338394793926281
0.1806615776081425,0.004333694474539573
0.180857310628303,0.0043290043290042934
0.1810530436484635,0.00432432432432428
0.181248776668624,0.004319654427645814
0.1814445096887845,0.004314994606256728
0.181640242708945,0.004310344827586188
0.1818359757291055,0.0043057050592034685
0.182031708749266,0.004301075268817178
0.1822274417694265,0.004296455424274925
0.182423174789587,0.0042918454935622075
0.18261890780974752,0.004287245444801746
0.182814640829908,0.004282655246252709
0.18301037385006852,0.004278074866310155
0.183206106870229,0.004273504273504258
0.1834018398903895,0.004268943436499417
0.18359757291055,0.004264392324093813
0.1837933059307105,0.004259850905218299
0.18398903895087101,0.004255319148936176
0.1841847719710315,0.004250797024442088
0.18438050499119202,0.00424628450106157
0.1845762380113525,0.0042417815482502785
0.18477197103151302,0.004237288135593209
0.1849677040516735,0.004232804232804255
0.18516343707183403,0.0042283298097252064
0.1853591700919945,0.004223864836325197
0.18555490311215503,0.00421940928270037
0.18575063613231552,0.005268703898840932
0.18594636915247603,0.0052631578947368585
0.18614210217263652,0.00525762355415349
0.18633783519279704,0.005252100840336116
0.18653356821295752,0.005246589716684125
0.18672930123311804,0.00524109014675056
0.18692503425327853,0.005235602094240788
0.18712076727343904,0.005230125523012608
0.18731650029359953,0.005224660397074143
0.18751223331376002,0.005219206680584509
0.18770796633392053,0.005213764337851923
0.18790369935408102,0.00520833333333337
0.18809943237424154,0.005202913631633721
0.18829516539440203,0.00519750519750517
0.18849089841456254,0.005192107995846351
0.18868663143472303,0.005186721991701226
0.18888236445488354,0.005181347150259086
0.18907809747504403,0.005175983436852993
0.18927383049520455,0.005170630816959676
0.18946956351536504,0.005165289256198302
0.18966529653552555,0.00515995872033026
0.18986102955568604,0.005154639175257714
0.19005676257584656,0.005149330587023715
0.19025249559600704,0.005144032921810648
0.19044822861616756,0.005138746145940343
0.19064396163632805,0.005133470225872738
0.19083969465648856,0.00512820512820511
0.19103542767664905,0.0051229508196721785
0.19123116069680957,0.0051177072671443335
0.19142689371697005,0.005112474437627856
0.19162262673713054,0.005107252298263587
0.19181835975729106,0.005102040816326481
0.19201409277745154,0.0050968399592252744
0.19220982579761206,0.005091649694501044
0.19240555881777255,0.0050864699898270915
0.19260129183793306,0.005081300813008172
0.19279702485809355,0.005076142131979711
0.19299275787825407,0.005070993914807254
0.19318849089841456,0.005065856129685908
0.19338422391857507,0.005060728744939236
0.19357995693873556,0.005055611729019249
0.19377568995889607,0.005050505050505083
0.19397142297905656,0.005045408678102881
0.19416715599921708,0.005040322580645129
0.19436288901937757,0.0050352467270896595
0.19455862203953808,0.005030181086519092
0.19475435505969857,0.005025125628140725
0.19495008807985909,0.005020080321285092
0.19514582110001957,0.005015045135406182
0.19534155412018006,0.00501002004008011
0.19553728714034058,0.005005005005005003
0.19573302016050106,0.0050000000000000044
0.19592875318066158,0.004995004995005048
0.19612448620082207,0.004990019960079861
0.19632021922098258,0.004985044865403743
0.19651595224114307,0.004980079681274896
0.1967116852613036,0.00497512437810943
0.19690741828146407,0.00497017892644136
0.1971031513016246,0.0049652432969214955
0.19729888432178508,0.004960317460317443
0.1974946173419456,0.0049554013875123815
0.19769035036210608,0.004950495049504955
0.1978860833822666,0.004945598417408492
0.19808181640242709,0.004940711462450564
0.1982775494225876,0.0049358341559723184
0.1984732824427481,0.004930966469428033
0.1986690154629086,0.0049261083743842304
0.1988647484830691,0.004921259842519676
0.1990604815032296,0.004916420845624381
0.1992562145233901,0.004911591355599265
0.19945194754355058,0.004906771344455385
0.1996476805637111,0.004901960784313708
0.1998434135838716,0.004897159647404559
0.2000391466040321,0.004892367906066508
0.2002348796241926,0.004887585532746819
0.2004306126443531,0.0048828125
0.2006263456645136,0.004878048780487809
0.2008220786846741,0.004873294346978585
0.2010178117048346,0.004868549172346692
0.2012135447249951,0.004863813229571967
0.2014092777451556,0.004859086491739606
0.20160501076531612,0.004854368932038833
0.2018007437854766,0.004849660523763344
0.20199647680563712,0.004844961240310086
0.2021922098257976,0.004840271055179035
0.20238794284595812,0.004835589941972973
0.2025836758661186,0.004830917874396157
0.20277940888627913,0.004826254826254872
0.20297514190643962,0.004821600771456103
0.20317087492660013,0.004816955684007751
0.20336660794676062,0.004812319538017307
0.2035623409669211,0.004807692307692291
0.20375807398708162,0.004803073967339144
0.2039538070072421,0.004798464491362786
0.20414954002740263,0.0047938638542665
0.20434527304756311,0.004789272030651381
0.20454100606772363,0.004784688995215336
0.20473673908788412,0.004780114722753304
0.20493247210804463,0.0047755491881565915
0.20512820512820512,0.004770992366412208
0.20532393814836564,0.004766444232602529
0.20551967116852612,0.004761904761904745
0.20571540418868664,0.004757373929590858
0.20591113720884713,0.004752851711026573
0.20610687022900764,0.0047483380816714105
0.20630260324916813,0.004743833017077814
0.20649833626932865,0.004739336492891044
0.20669406928948914,0.004734848484848508
0.20688980230964965,0.004730368968779541
0.20708553532981014,0.00472589792060496
0.20728126834997063,0.0047214353163361755
0.20747700137013114,0.004716981132075526
0.20767273439029163,0.004712535344015056
0.20786846741045215,0.004708097928436961
0.20806420043061263,0.00470366886171214
0.20825993345077315,0.0046992481203007586
0.20845566647093364,0.0046948356807511304
0.20865139949109415,0.004690431519699834
0.20884713251125464,0.004686035613870709
0.20904286553141516,0.004681647940074862
0.20923859855157564,0.004677268475210439
0.20943433157173616,0.004672897196261627
0.20963006459189665,0.00466853408029877
0.20982579761205716,0.004664179104477584
0.21002153063221765,0.004659832246039164
0.21021726365237817,0.004655493482309092
0.21041299667253865,0.0046511627906976605
0.21060872969269917,0.004646840148698872
0.21080446271285966,0.00464252553389044
0.21100019573302017,0.004638218923933235
0.21119592875318066,0.004633920296570948
0.21139166177334115,0.00462962962962965
0.21158739479350167,0.0046253469010175685
0.21178312781366215,0.004621072088724532
0.21197886083382267,0.004616805170821747
0.21217459385398316,0.004612546125461248
0.21237032687414367,0.004608294930875556
0.21256605989430416,0.004604051565377576
0.21276179291446468,0.004599816007359703
0.21295752593462516,0.004595588235294157
0.21315325895478568,0.0045913682277318735
0.21334899197494617,0.004587155963302725
0.21354472499510668,0.004582951420714965
0.21374045801526717,0.0045787545787545625
0.2139361910354277,0.0045745654162854255
0.21413192405558817,0.004570383912248621
0.2143276570757487,0.004566210045662156
0.21452339009590918,0.0045620437956204185
0.2147191231160697,0.004557885141294404
0.21491485613623018,0.004553734061930825
0.2151105891563907,0.0045495905368516665
0.21530632217655118,0.004545454545454519
0.21550205519671167,0.004541326067211582
0.2156977882168722,0.00453720508166966
0.21589352123703268,0.004533091568449721
0.2160892542571932,0.004528985507246341
0.21628498727735368,0.004524886877828038
0.2164807202975142,0.004520795660036159
0.21667645331767468,0.004516711833784992
0.2168721863378352,0.004512635379061325
0.2170679193579957,0.0045085662759242195
0.2172636523781562,0.0045045045045044585
0.2174593853983167,0.004500450045004545
0.2176551184184772,0.004496402877697814
0.2178508514386377,0.004492362982928988
0.2180465844587982,0.004488330341113067
0.2182423174789587,0.004484304932735439
0.2184380504991192,0.0044802867383512135
0.2186337835192797,0.004476275738585445
0.21882951653944022,0.004472271914132353
0.2190252495596007,0.0044682752457551045
0.2192209825797612,0.004464285714285698
0.2194167155999217,0.004460303300624413
0.2196124486200822,0.004456327985739805
0.2198081816402427,0.0044523597506678225
0.2200039146604032,0.004448398576512469
0.22019964768056371,0.004444444444444473
0.2203953807007242,0.004440497335701621
0.22059111372088472,0.004436557231588312
0.2207868467410452,0.004432624113475225
0.22098257976120572,0.004428697962798989
0.2211783127813662,0.004424778761061954
0.22137404580152673,0.004420866489831976
0.2215697788216872,0.004416961130742081
0.22176551184184773,0.0044130626654897975
0.22196124486200822,0.0044091710758377145
0.22215697788216873,0.004405286343612369
0.22235271090232922,0.004401408450704247
0.22254844392248974,0.004397537379067673
0.22274417694265022,0.004393673110720586
0.22293990996281074,0.004389815627743654
0.22313564298297123,0.004385964912280715
0.22333137600313172,0.004382120946538115
0.22352710902329223,0.004378283712784592
0.22372284204345272,0.004374453193350836
0.22391857506361323,0.004370629370629375
0.22411430808377372,0.004366812227074246
0.22431004110393424,0.004363001745200656
0.22450577412409473,0.0043591979075849885
0.22470150714425524,0.004355400696864131
0.22489724016441573,0.00435161009573537
0.22509297318457624,0.004347826086956497
0.22528870620473673,0.004344048653344923
0.22548443922489725,0.00434027777777779
0.22568017224505774,0.004336513443191636
0.22587590526521825,0.004332755632582286
0.22607163828537874,0.0043290043290042934
0.22626737130553926,0.004325259515570945
0.22646310432569974,0.004321521175453813
0.22665883734586026,0.0043177892918825345
0.22685457036602075,0.004314063848144922
0.22705030338618126,0.004310344827586188
0.22724603640634175,0.004306632213608941
0.22744176942650224,0.004302925989672968
0.22763750244666275,0.004299226139294898
0.22783323546682324,0.004295532646048095
0.22802896848698376,0.0042918454935622075
0.22822470150714425,0.004288164665523175
0.22842043452730476,0.00428449014567267
0.22861616754746525,0.0042808219178082085
0.22881190056762576,0.004277159965782706
0.22900763358778625,0.004273504273504258
0.22920336660794677,0.004269854824935915
0.22939909962810726,0.004266211604095571
0.22959483264826777,0.004262574595055413
0.22979056566842826,0.004258943781942026
0.22998629868858878,0.004255319148936176
0.23018203170874926,0.004251700680272141
0.23037776472890978,0.004248088360237934
0.23057349774907027,0.004244482173174857
0.23076923076923078,0.004240882103477506
0.23096496378939127,0.004237288135593209
0.23116069680955176,0.0042337002540220325
0.23135642982971227,0.004230118443316444
0.23155216284987276,0.004226542688081203
0.23174789587003328,0.004222972972973027
0.23194362889019376,0.00421940928270037
0.23213936191035428,0.004215851602023646
0.23233509493051477,0.004212299915754003
0.23253082795067528,0.004208754208754217
0.23272656097083577,0.004205214465937801
0.2329222939909963,0.004201680672268893
0.23311802701115678,0.004198152812762368
0.2333137600313173,0.004194630872483174
0.23350949305147778,0.00419111483654655
0.2337052260716383,0.0041876046901172526
0.23390095909179878,0.004184100418409997
0.2340966921119593,0.004180602006689016
0.23429242513211979,0.00417710944026739
0.2344881581522803,0.004173622704507496
0.2346838911724408,0.004170141784820669
0.2348796241926013,0.004166666666666652
0.2350753572127618,0.004163197335553703
0.23527109023292228,0.004159733777038266
0.2354668232530828,0.004156275976724855
0.23566255627324328,0.004152823920265836
0.2358582892934038,0.004149377593360981
0.2360540223135643,0.004145936981757914
0.2362497553337248,0.0041425020712509975
0.2364454883538853,0.004139072847682113
0.2366412213740458,0.0041356492969396585
0.2368369543942063,0.004132231404958664
0.2370326874143668,0.004128819157720898
0.2372284204345273,0.004125412541254092
0.23742415345468781,0.004122011541632276
0.2376198864748483,0.004118616144975329
0.23781561949500882,0.004115226337448541
0.2380113525151693,0.004111842105263164
0.23820708553532982,0.004108463434675413
0.2384028185554903,0.004105090311986914
0.23859855157565082,0.004101722723543921
0.2387942845958113,0.004098360655737654
0.23899001761597183,0.004095004095004073
0.23918575063613232,0.004091653027823217
0.2393814836562928,0.00408830744071953
0.23957721667645332,0.004084967320261423
0.2397729496966138,0.004081632653061273
0.23996868271677432,0.004078303425774865
0.2401644157369348,0.004074979625101838
0.24036014875709533,0.004071661237785018
0.24055588177725581,0.004068348250610199
0.24075161479741633,0.004065040650406471
0.24094734781757682,0.004061738424045447
0.24114308083773733,0.0040584415584415945
0.24133881385789782,0.0040551500405514584
0.24153454687805834,0.004051863857374438
0.24173027989821882,0.004048582995951455
0.24192601291837934,0.004045307443365731
0.24212174593853983,0.00404203718674212
0.24231747895870034,0.0040387722132472215
0.24251321197886083,0.004035512510088823
0.24270894499902135,0.0040322580645161255
0.24290467801918184,0.0040290088638195165
0.24310041103934232,0.004025764895330131
0.24329614405950284,0.004022526146419958
0.24349187707966333,0.004019292604501623
0.24368761009982384,0.004016064257028162
0.24388334311998433,0.0040128410914928025
0.24407907614014485,0.004009623095429071
0.24427480916030533,0.004006410256410242
0.24447054218046585,0.004003202562049668
0.24466627520062634,0.0040000000000000036
0.24486200822078685,0.003996802557953649
0.24505774124094734,0.003993610223642197
0.24525347426110786,0.003990422984836428
0.24544920728126834,0.003987240829346095
0.24564494030142886,0.003984063745019917
0.24584067332158935,0.00398089171974525
0.24603640634174986,0.003977724741447863
0.24623213936191035,0.003974562798092163
0.24642787238207087,0.003971405877680745
0.24662360540223136,0.003968253968253954
0.24681933842239187,0.003965107057890549
0.24701507144255236,0.003961965134706813
0.24721080446271285,0.003958828186856667
0.24740653748287336,0.003955696202531667
0.24760227050303385,0.0039525691699604515
0.24779800352319437,0.003949447077409185
0.24799373654335485,0.003946329913180779
0.24818946956351537,0.0039432176656151174
0.24838520258367586,0.003940110323089052
0.24858093560383637,0.003937007874015741
0.24877666862399686,0.003933910306844979
0.24897240164415738,0.0039308176100628645
0.24916813466431786,0.00392772977219169
0.24936386768447838,0.003924646781789609
0.24955960070463887,0.0039215686274509665
0.24975533372479938,0.003918495297805635
0.24995106674495987,0.003915426781519238
0.2501467997651204,0.00391236306729259
0.2503425327852809,0.003909304143862369
0.25053826580544136,0.00390625
0.2507339988256019,0.0039032006245121043
0.2509297318457624,0.003900156006240274
0.25112546486592285,0.0038971161340607408
0.25132119788608337,0.003894080996884708
0.2515169309062439,0.0038910505836575737
0.2517126639264044,0.0038880248833592645
0.25190839694656486,0.0038850038850039015
0.2521041299667254,0.0038819875776398005
0.2522998629868859,0.0038789759503491394
0.2524955960070464,0.003875968992248069
0.25269132902720687,0.0038729666924864903
0.2528870620473674,0.0038699690402477227
0.2530827950675279,0.003866976024748614
0.2532785280876884,0.003863987635239541
0.2534742611078489,0.0038610038610038533
0.2536699941280094,0.0038580246913579863
0.2538657271481699,0.0038550501156514594
0.2540614601683304,0.0038520801232665436
0.2542571931884909,0.0038491147036181506
0.2544529262086514,0.0038461538461538325
0.2546486592288119,0.00384319754035356
0.25484439224897243,0.0038402457757296116
0.2550401252691329,0.0038372985418265726
0.2552358582892934,0.0038343558282208923
0.2554315913094539,0.003831417624521105
0.2556273243296144,0.003828483920367498
0.2558230573497749,0.0038255547054323324
0.2560187903699354,0.003822629969418956
0.2562145233900959,0.0038197097020626902
0.2564102564102564,0.003816793893129722
0.2566059894304169,0.0038138825324179892
0.2568017224505774,0.003810975609756073
0.25699745547073793,0.0038080731150038627
0.2571931884908984,0.004566210045662156
0.2573889215110589,0.004562737642585524
0.2575846545312194,0.00455927051671734
0.25778038755137994,0.004555808656036442
0.2579761205715404,0.004552352048558417
0.2581718535917009,0.004548900682335155
0.25836758661186143,0.004545454545454519
0.25856331963202195,0.004542013626040897
0.2587590526521824,0.004538577912254205
0.2589547856723429,0.0045351473922902175
0.25915051869250344,0.004531722054380682
0.2593462517126639,0.00452830188679243
0.2595419847328244,0.004524886877828038
0.25973771775298493,0.0045214770158251705
0.25993345077314545,0.004518072289156572
0.2601291837933059,0.004514672686230292
0.2603249168134664,0.004511278195488688
0.26052064983362694,0.004507888805409421
0.26071638285378745,0.0045045045045044585
0.2609121158739479,0.004501125281320295
0.26110784889410843,0.004497751124437732
0.26130358191426895,0.004494382022471877
0.26149931493442946,0.004491017964071808
0.2616950479545899,0.004487658937920691
0.26189078097475044,0.004484304932735439
0.26208651399491095,0.004480955937266606
0.26228224701507147,0.004477611940298498
0.26247798003523193,0.004474272930648726
0.26267371305539244,0.0044709388971684305
0.26286944607555296,0.004467609828741614
0.2630651790957134,0.004464285714285698
0.26326091211587394,0.004460966542750966
0.26345664513603445,0.004457652303120341
0.26365237815619497,0.0044543429844098315
0.2638481111763554,0.004451038575667643
0.26404384419651594,0.004447739065974843
0.26423957721667646,0.004444444444444473
0.264435310236837,0.004441154700222105
0.26463104325699743,0.004437869822485174
0.26482677627715795,0.0044345898004434225
0.26502250929731846,0.004431314623338234
0.265218242317479,0.0044280442804428555
0.26541397533763944,0.004424778761061954
0.26560970835779996,0.004421518054532059
0.26580544137796047,0.004418262150220897
0.266001174398121,0.004415011037527616
0.26619690741828145,0.004411764705882337
0.26639264043844196,0.00440852314474649
0.2665883734586025,0.004405286343612369
0.266784106478763,0.00440205429200291
0.26697983949892345,0.004398826979472137
0.26717557251908397,0.00439560439560438
0.2673713055392445,0.004392386530014614
0.26756703855940495,0.004389173372348232
0.26776277157956546,0.004385964912280715
0.267958504599726,0.0043827611395178545
0.2681542376198865,0.004379562043795637
0.26834997064004695,0.004376367614879695
0.26854570366020747,0.004373177842565634
0.268741436680368,0.004369992716678817
0.2689371697005285,0.004366812227074246
0.26913290272068896,0.004363636363636347
0.2693286357408495,0.0043604651162790775
0.26952436876101,0.004357298474945481
0.2697201017811705,0.004354136429608135
0.26991583480133097,0.00435097897026826
0.2701115678214915,0.004347826086956497
0.270307300841652,0.00434467776973213
0.2705030338618125,0.00434153400868309
0.270698766881973,0.004338394793926281
0.2708944999021335,0.00433526011560692
0.271090232922294,0.0043321299638988675
0.27128596594245447,0.0043290043290042934
0.271481698962615,0.004325883201153569
0.2716774319827755,0.004322766570605152
0.271873165002936,0.004319654427645814
0.2720688980230965,0.004316546762589968
0.272264631043257,0.004313443565780006
0.2724603640634175,0.004310344827586188
0.272656097083578,0.004307250538406304
0.2728518301037385,0.004304160688665681
0.273047563123899,0.004301075268817178
0.2732432961440595,0.004297994269340966
0.27343902916422,0.0042949176807444145
0.2736347621843805,0.0042918454935622075
0.273830495204541,0.0042887776983560055
0.2740262282247015,0.004285714285714337
0.27422196124486203,0.004282655246252709
0.2744176942650225,0.004279600570613384
0.274613427285183,0.004276550249465383
0.2748091603053435,0.004273504273504258
0.275004893325504,0.004270462633451988
0.2752006263456645,0.004267425320056861
0.275396359365825,0.004264392324093813
0.27559209238598553,0.0042613636363636465
0.275787825406146,0.004258339247693366
0.2759835584263065,0.004255319148936176
0.276179291446467,0.00425230333097093
0.27637502446662754,0.004249291784702569
0.276570757486788,0.00424628450106157
0.2767664905069485,0.004950495049504955
0.27696222352710903,0.004946996466431042
0.27715795654726955,0.004943502824858781
0.27735368956743,0.004940014114325986
0.2775494225875905,0.0049365303244005565
0.27774515560775104,0.0049330514446793705
0.27794088862791155,0.004929577464788726
0.278136621648072,0.0049261083743842304
0.27833235466823253,0.004922644163150469
0.27852808768839304,0.004919184820801115
0.27872382070855356,0.004915730337078705
0.278919553728714,0.0049122807017544234
0.27911528674887454,0.004908835904628317
0.27931101976903505,0.004905395935529078
0.2795067527891955,0.004901960784313708
0.279702485809356,0.004898530440867743
0.27989821882951654,0.004895104895104918
0.28009395184967706,0.004891684136967167
0.2802896848698375,0.004888268156424624
0.28048541788999803,0.00488485694347518
0.28068115091015855,0.004881450488145034
0.28087688393031907,0.004878048780487809
0.2810726169504795,0.004874651810584996
0.28126834997064004,0.004871259568545616
0.28146408299080056,0.004867872044506227
0.2816598160109611,0.00486448922863103
0.28185554903112153,0.004861111111111094
0.28205128205128205,0.004857737682165131
0.28224701507144256,0.004854368932038833
0.2824427480916031,0.00485100485100487
0.28263848111176354,0.00484764542936289
0.28283421413192406,0.0048442906574394096
0.28302994715208457,0.004840940525587811
0.28322568017224503,0.004837595024188013
0.28342141319240555,0.004834254143646355
0.28361714621256606,0.004830917874396157
0.2838128792327266,0.004827586206896606
0.28400861225288704,0.004824259131633313
0.28420434527304755,0.004820936639118423
0.28440007829320807,0.004817618719889838
0.2845958113133686,0.004814305364511662
0.28479154433352905,0.004810996563573866
0.28498727735368956,0.004807692307692291
0.2851830103738501,0.005490734385724116
0.2853787433940106,0.005486968449931462
0.28557447641417105,0.005483207676490798
0.28577020943433157,0.005479452054794498
0.2859659424544921,0.005475701574264247
0.2861616754746526,0.005471956224350261
0.28635740849481306,0.005468215994531733
0.2865531415149736,0.005464480874316946
0.2867488745351341,0.005460750853242269
0.28694460755529455,0.00545702592087316
0.28714034057545507,0.005453306066803054
0.2873360735956156,0.00544959128065392
0.2875318066157761,0.005445881552076259
0.28772753963593656,0.0054421768707483276
0.2879232726560971,0.005438477226376581
0.2881190056762576,0.005434782608695676
0.2883147386964181,0.005431093007467802
0.28851047171657856,0.005427408412483015
0.2887062047367391,0.0054237288135593476
0.2889019377568996,0.005420054200542035
0.2890976707770601,0.005416384563303955
0.28929340379722057,0.005412719891745632
0.2894891368173811,0.005409060175794456
0.2896848698375416,0.00540540540540535
0.2898806028577021,0.00540175557056044
0.2900763358778626,0.005398110661268607
0.2902720688980231,0.0053944706675657095
0.2904678019181836,0.005390835579514808
0.2906635349383441,0.005387205387205385
0.2908592679585046,0.0053835800807536804
0.2910550009786651,0.005379959650302579
0.2912507339988256,0.005376344086021501
0.2914464670189861,0.005372733378106065
0.2916422000391466,0.005369127516778538
0.2918379330593071,0.005365526492287054
0.2920336660794676,0.00536193029490617
0.2922293990996281,0.0053583389149364224
0.2924251321197886,0.0053547523427041055
0.2926208651399491,0.005351170568561825
0.29281659816010963,0.005347593582887722
0.2930123311802701,0.005344021376085473
0.2932080642004306,0.005340453938584733
0.2934037972205911,0.005336891260840582
0.29359953024075164,0.005333333333333301
0.2937952632609121,0.00532978014656893
0.2939909962810726,0.005326231691078598
0.29418672930123313,0.005322687957418526
0.29438246232139365,0.005319148936170248
0.2945781953415541,0.0053156146179401675
0.2947739283617146,0.005312084993359889
0.29496966138187514,0.005308560053085554
0.2951653944020356,0.0053050397877983935
0.2953611274221961,0.005301524188204065
0.29555686044235663,0.005298013245033095
0.29575259346251714,0.005294506949040323
0.2959483264826776,0.005291005291005346
0.2961440595028381,0.005287508261731633
0.29633979252299864,0.005284015852047519
0.29653552554315915,0.005280528052805322
0.2967312585633196,0.00527704485488123
0.2969269915834801,0.005273566249175965
0.29712272460364064,0.005270092226614009
0.29731845762380116,0.005266622778143493
0.2975141906439616,0.0052631578947368585
0.29770992366412213,0.005259697567389865
0.29790565668428265,0.005256241787122251
0.29810138970444316,0.005252790544977071
0.2982971227246036,0.005249343832021025
0.29849285574476414,0.0052459016393442415
0.29868858876492466,0.005242463958060273
0.2988843217850851,0.0052390307793058755
0.29908005480524563,0.005235602094240788
0.29927578782540615,0.005232177894048395
0.29947152084556666,0.005228758169934622
0.2996672538657271,0.0052253429131287055
0.29986298688588764,0.005221932114882533
0.30005871990604815,0.005218525766470972
0.30025445292620867,0.0052151238591916504
0.30045018594636913,0.005211726384364845
0.30064591896652965,0.00520833333333337
0.30084165198669016,0.005204944697462577
0.3010373850068507,0.005201560468140465
0.30123311802701114,0.005198180636777128
0.30142885104717165,0.0051948051948051965
0.30162458406733217,0.005191434133679396
0.3018203170874927,0.005188067444876765
0.30201605010765314,0.005184705119896327
0.30221178312781366,0.005181347150259086
0.3024075161479742,0.00517799352750814
0.3026032491681347,0.005174644243208237
0.30279898218829515,0.005171299288946329
0.30299471520845567,0.0051679586563307955
0.3031904482286162,0.005164622336991553
0.30338618124877664,0.005161290322580614
0.30358191426893716,0.0051579626047710825
0.3037776472890977,0.005154639175257714
0.3039733803092582,0.005151320025756578
0.30416911332941865,0.005148005148005175
0.30436484634957917,0.005144694533762095
0.3045605793697397,0.005141388174807249
0.3047563123899002,0.005138086062941527
0.30495204541006066,0.005134788189987138
0.3051477784302212,0.005131494547787052
0.3053435114503817,0.00512820512820511
0.3055392444705422,0.005124919923126248
0.30573497749070266,0.005121638924455829
0.3059307105108632,0.0051183621241203126
0.3061264435310237,0.005115089514066473
0.3063221765511842,0.005111821086261958
0.30651790957134467,0.005108556832694733
0.3067136425915052,0.0051052967453733
0.3069093756116657,0.005102040816326481
0.30710510863182616,0.005098789037603524
0.3073008416519867,0.005095541401273884
0.3074965746721472,0.005092297899427112
0.3076923076923077,0.0050890585241730735
0.30788804071246817,0.005085823267641398
0.3080837737326287,0.0050825921219822545
0.3082795067527892,0.005079365079365128
0.3084752397729497,0.005076142131979711
0.3086709727931102,0.005072923272035457
0.3088667058132707,0.005069708491761693
0.3090624388334312,0.005066497783407176
0.3092581718535917,0.005063291139240533
0.3094539048737522,0.005060088551549602
0.3096496378939127,0.005056890012642201
0.3098453709140732,0.005053695514845247
0.31004110393423373,0.005050505050505083
0.3102368369543942,0.0050473186119873725
0.3104325699745547,0.0050441361916772065
0.3106283029947152,0.00504095778197855
0.3108240360148757,0.005037783375314908
0.3110197690350362,0.005034612964128438
0.3112155020551967,0.005031446540880502
0.31141123507535723,0.005028284098051561
0.3116069680955177,0.005025125628140725
0.3118027011156782,0.005021971123666091
0.3119984341358387,0.005018820577164407
0.31219416715599924,0.005015673981191182
0.3123899001761597,0.005012531328320802
0.3125856331963202,0.0050093926111458575
0.3127813662164807,0.005006257822277815
0.31297709923664124,0.00500312695434646
0.3131728322568017,0.0050000000000000044
0.3133685652769622,0.004996876951905094
0.31356429829712273,0.004993757802746579
0.31376003131728325,0.004990642545227741
0.3139557643374437,0.004987531172069848
0.3141514973576042,0.004984423676012484
0.31434723037776474,0.00498132004981322
0.31454296339792526,0.004978220286247614
0.3147386964180857,0.00497512437810943
0.31493442943824623,0.0049720323182100845
0.31513016245840675,0.004968944099378869
0.3153258954785672,0.004965859714463061
0.3155216284987277,0.00496277915632759
0.31571736151888824,0.004959702417854928
0.31591309453904876,0.00495662949194553
0.3161088275592092,0.004953560371517063
0.31630456057936973,0.004950495049504955
0.31650029359953025,0.0049474335188620655
0.31669602661969076,0.0049443757725586845
0.3168917596398512,0.004941321803582421
0.31708749266001174,0.004938271604938316
0.31728322568017225,0.004935225169648394
0.31747895870033277,0.004932182490752113
0.31767469172049323,0.004929143561306248
0.31787042474065375,0.0049261083743842304
0.31806615776081426,0.004923076923076919
0.3182618907809748,0.004920049200492049
0.31845762380113524,0.0049170251997541214
0.31865335682129575,0.004914004914004955
0.31884908984145627,0.0049109883364026885
0.31904482286161673,0.004907975460122671
0.31924055588177724,0.005518087063151489
0.31943628890193776,0.005514705882352922
0.3196320219220983,0.005511328842620955
0.31982775494225874,0.00550795593635256
0.32002348796241925,0.0055045871559632475
0.32021922098257977,0.005501222493887514
0.3204149540027403,0.005497861942577842
0.32061068702290074,0.005494505494505475
0.32080642004306126,0.005491153142159866
0.3210021530632218,0.005487804878048785
0.3211978860833823,0.005484460694698323
0.32139361910354275,0.005481120584652888
0.32158935212370326,0.005477784540474762
0.3217850851438638,0.005474452554744547
0.3219808181640243,0.00547112462006083
0.32217655118418476,0.005467800729040073
0.32237228420434527,0.005464480874316946
0.3225680172245058,0.005461165048543659
0.32276375024466625,0.00545785324439052
0.32295948326482676,0.00545454545454549
0.3231552162849873,0.005451241671714069
0.3233509493051478,0.005447941888619856
0.32354668232530825,0.005444646098003658
0.32374241534546877,0.0054413542926239344
0.3239381483656293,0.005438066465256797
0.3241338813857898,0.005434782608695676
0.32432961440595026,0.005431502715751324
0.3245253474261108,0.005428226779252143
0.3247210804462713,0.005424954792043413
0.3249168134664318,0.005421686746987953
0.32511254648659227,0.005418422636965681
0.3253082795067528,0.005415162454873612
0.3255040125269133,0.0054119061936259705
0.3256997455470738,0.005408653846153855
0.3258954785672343,0.00540540540540535
0.3260912115873948,0.005402160864345751
0.3262869446075553,0.005398920215956782
0.3264826776277158,0.0053956834532373765
0.3266784106478763,0.005392450569203122
0.3268741436680368,0.005389221556886259
0.3270698766881973,0.0053859964093356805
0.3272656097083578,0.005382775119617267
0.3274613427285183,0.005379557680812885
0.3276570757486788,0.005376344086021501
0.3278528087688393,0.005373134328358176
0.3280485417889998,0.005369928400954627
0.3282442748091603,0.00536672629695889
0.3284400078293208,0.005363528009535212
0.32863574084948133,0.005360333531864159
0.3288314738696418,0.005357142857142838
0.3290272068898023,0.005353955978584124
0.3292229399099628,0.005350772889417321
0.32941867293012334,0.005347593582887722
0.3296144059502838,0.005344418052256494
0.3298101389704443,0.005341246290801238
0.3300058719906048,0.005338078291814985
0.33020160501076534,0.005334914048606976
0.3303973380309258,0.005331753554502328
0.3305930710510863,0.005328596802841923
0.33078880407124683,0.005325443786982298
0.3309845370914073,0.0053222945002956434
0.3311802701115678,0.005319148936170248
0.3313760031317283,0.0053160070880095
0.33157173615188884,0.005312868949232552
0.3317674691720493,0.005309734513274322
0.3319632021922098,0.005306603773584939
0.33215893521237033,0.005303476723629963
0.33235466823253085,0.005300353356890497
0.3325504012526913,0.005297233666862855
0.3327461342728518,0.0052941176470587825
0.33294186729301234,0.005291005291005346
0.33313760031317285,0.005287896592244379
0.3333333333333333,0.005284791544333478
0.33352906635349383,0.005281690140845119
0.33372479937365435,0.005278592375366542
0.33392053239381486,0.005275498241500531
0.3341162654139753,0.005272407732864637
0.33431199843413584,0.005269320843091285
0.33450773145429635,0.0052662375658280025
0.3347034644744568,0.0052631578947368585
0.33489919749461733,0.005260081823495022
0.33509493051477784,0.005257009345794428
0.33529066353493836,0.005253940455341555
0.3354863965550988,0.0052508751458576475
0.33568212957525934,0.005247813411078717
0.33587786259541985,0.005244755244755206
0.33607359561558037,0.005241700640652325
0.3362693286357408,0.005238649592549494
0.33646506165590134,0.005235602094240788
0.33666079467606186,0.005232558139534937
0.3368565276962224,0.005229517722254551
0.33705226071638283,0.005226480836236891
0.33724799373654335,0.0052234474753337645
0.33744372675670387,0.0052204176334106345
0.3376394597768644,0.00521739130434784
0.33783519279702484,0.005214368482039378
0.33803092581718536,0.005211349160393786
0.3382266588373459,0.00520833333333337
0.3384223918575064,0.005205320994794649
0.33861812487766685,0.005202312138728349
0.33881385789782736,0.005777007510109788
0.3390095909179879,0.005773672055427226
0.33920532393814834,0.0057703404500865085
0.33940105695830886,0.005767012687427964
0.33959678997846937,0.0057636887608069065
0.3397925229986299,0.006336405529953959
0.33998825601879035,0.0063327576280943765
0.34018398903895086,0.006329113924050667
0.3403797220591114,0.006325474410580845
0.3405754550792719,0.006321839080459801
0.34077118809943235,0.00631820792647908
0.34096692111959287,0.006314580941446657
0.3411626541397534,0.006310958118187049
0.3413583871599139,0.006307339449541316
0.34155412018007436,0.006303724928366727
0.3417498532002349,0.006300114547537206
0.3419455862203954,0.006296508299942771
0.3421413192405559,0.0062929061784896545
0.34233705226071637,0.0062893081761006275
0.3425327852808769,0.006285714285714339
0.3427285183010374,0.006282124500285535
0.34292425132119786,0.006278538812785395
0.3431199843413584,0.006274957216200749
0.3433157173615189,0.006271379703534752
0.3435114503816794,0.0062678062678063196
0.34370718340183987,0.006264236902050135
0.3439029164220004,0.00626067159931698
0.3440986494421609,0.006257110352673512
0.3442943824623214,0.006253553155201819
0.3444901154824819,0.006249999999999978
0.3446858485026424,0.00624645088018172
0.3448815815228029,0.006242905788876318
0.3450773145429634,0.006239364719228591
0.3452730475631239,0.006235827664399118
0.3454687805832844,0.006232294617563694
0.3456645136034449,0.006228765571913875
0.3458602466236054,0.006225240520656428
0.3460559796437659,0.0062217194570135526
0.3462517126639264,0.00621820237422277
0.3464474456840869,0.006214689265536699
0.3466431787042474,0.006211180124223614
0.3468389117244079,0.006207674943566555
0.3470346447445684,0.006204173716864103
0.3472303777647289,0.006200676437429498
0.3474261107848894,0.006197183098591519
0.3476218438050499,0.006193693693693714
0.3478175768252104,0.006190208216094506
0.34801330984537093,0.006186726659167641
0.3482090428655314,0.006183249016301295
0.3484047758856919,0.006179775280898858
0.3486005089058524,0.006176305446378483
0.34879624192601294,0.006172839506172867
0.3489919749461734,0.006169377453729696
0.3491877079663339,0.006165919282511201
0.34938344098649443,0.006162464985994376
0.34957917400665495,0.006159014557670761
0.3497749070268154,0.00615556799104644
0.3499706400469759,0.00615212527964204
0.35016637306713644,0.0061486864169927324
0.35036210608729695,0.0061452513966480105
0.3505578391074574,0.006141820212172022
0.35075357212761793,0.006138392857142905
0.35094930514777845,0.006134969325153339
0.3511450381679389,0.006131549609810438
0.3513407711880994,0.006128133704735417
0.35153650420825994,0.006124721603563477
0.35173223722842045,0.006121313299944364
0.3519279702485809,0.006117908787541704
0.35212370326874143,0.00611450806003333
0.35231943628890194,0.006111111111111067
0.35251516930906246,0.0061077179344808386
0.3527109023292229,0.006104328523862335
0.35290663534938344,0.006100942872989457
0.35310236836954395,0.0060975609756097615
0.35329810138970447,0.006094182825484795
0.3534938344098649,0.006090808416389759
0.35368956743002544,0.006087437742113955
0.35388530045018596,0.006084070796460228
0.3540810334703465,0.006080707573244859
0.35427676649050693,0.006077348066298338
0.35447249951066745,0.006073992269464368
0.35466823253082796,0.006070640176600417
0.3548639655509884,0.0060672917815775
0.35505969857114894,0.006063947078280063
0.35525543159130946,0.0060606060606061
0.35545116461146997,0.006057268722466924
0.35564689763163043,0.006053935057787507
0.35584263065179095,0.006050605060506031
0.35603836367195146,0.00604727872457389
0.356234096692112,0.0060439560439560225
0.35642982971227244,0.006040637012630468
0.35662556273243295,0.006037321624588365
0.35682129575259347,0.0060340098738342896
0.357017028772754,0.006030701754385914
0.35721276179291445,0.0060273972602740145
0.35740849481307496,0.006571741511500528
0.3576042278332355,0.006568144499178974
0.357799960853396,0.006564551422319487
0.35799569387355645,0.006560962274466897
0.35819142689371697,0.006557377049180357
0.3583871599138775,0.006553795740032786
0.35858289293403794,0.0065502183406113135
0.35877862595419846,0.006546644844517169
0.358974358974359,0.0065430752453653485
0.3591700919945195,0.006539509536784727
0.35936582501467995,0.006535947712418277
0.35956155803484047,0.0065323897659227415
0.359757291055001,0.006528835690968404
0.3599530240751615,0.007069059271343159
0.36014875709532196,0.00706521739130439
0.3603444901154825,0.007061379684953795
0.360540223135643,0.007057546145494031
0.3607359561558035,0.007053716766142193
0.36093168917596397,0.007049891540130138
0.3611274221961245,0.007046070460704601
0.361323155216285,0.007042253521126751
0.3615188882364455,0.0070384407146724115
0.361714621256606,0.00703463203463206
0.3619103542767665,0.007030827474310386
0.362106087296927,0.007027027027027066
0.3623018203170875,0.007023230686115656
0.362497553337248,0.007019438444924364
0.3626932863574085,0.007015650296815945
0.362889019377569,0.007011866235167252
0.36308475239772947,0.007008086253369239
0.36328048541789,0.0070043103448276245
0.3634762184380505,0.007000538502961784
0.363671951458211,0.006996770721205636
0.3638676844783715,0.006993006993006978
0.364063417498532,0.006989247311827929
0.3642591505186925,0.006985491671144595
0.364454883538853,0.006981740064446851
0.3646506165590135,0.006977992485238893
0.364846349579174,0.006974248927038573
0.3650420825993345,0.006970509383378065
0.36523781561949503,0.006966773847802754
0.3654335486396555,0.0069630423138725694
0.365629281659816,0.006959314775160652
0.3658250146799765,0.006955591225254132
0.36602074770013704,0.006951871657754016
0.3662164807202975,0.006948156066274747
0.366412213740458,0.00694444444444442
0.36660794676061853,0.006940736785905011
0.366803679780779,0.006937033084311595
0.3669994128009395,0.006933333333333347
0.3671951458211,0.006929637526652432
0.36739087884126054,0.006925945657964783
0.367586611861421,0.006922257720979763
0.3677823448815815,0.006918573709419951
0.36797807790174203,0.006914893617021245
0.36817381092190254,0.006911217437533201
0.368369543942063,0.006907545164718365
0.3685652769622235,0.006903876792352603
0.36876100998238404,0.006900212314225107
0.36895674300254455,0.006896551724137945
0.369152476022705,0.00689289501590673
0.3693482090428655,0.006889242183359845
0.36954394206302604,0.0068855932203389925
0.36973967508318656,0.006881948120698755
0.369935408103347,0.006878306878306928
0.37013114112350753,0.00687466948704385
0.37032687414366805,0.006871035940803405
0.3705226071638285,0.006867406233491802
0.370718340183989,0.00686378035902846
0.37091407320414954,0.0068601583113456766
0.37110980622431006,0.006856540084388185
0.3713055392444705,0.006852925672113819
0.37150127226463103,0.006849315068493178
0.37169700528479155,0.006845708267509187
0.37189273830495206,0.006842105263157872
0.3720884713251125,0.00683850604944769
0.37228420434527304,0.006834910620399537
0.37247993736543356,0.006831318970047295
0.37267567038559407,0.0068277310924369505
0.37287140340575453,0.006824146981627255
0.37306713642591505,0.006820566631689395
0.37326286944607556,0.0068169900367068825
0.3734586024662361,0.006813417190775661
0.37365433548639654,0.006809848088004222
0.37385006850655705,0.006806282722513046
0.37404580152671757,0.006802721088435382
0.3742415345468781,0.0067991631799163565
0.37443726756703855,0.006795608991113422
0.37463300058719906,0.006792058516196464
0.3748287336073596,0.006788511749347248
0.37502446662752004,0.006784968684759862
0.37522019964768055,0.006781429316640608
0.37541593266784107,0.006777893639207555
0.3756116656880016,0.006774361646690985
0.37580739870816204,0.0067708333333332815
0.37600313172832256,0.006767308693388818
0.3761988647484831,0.006763787721123848
0.3763945977686436,0.006760270410816394
0.37659033078880405,0.006756756756756799
0.37678606380896457,0.006753246753246733
0.3769817968291251,0.00674974039460019
0.3771775298492856,0.006746237675142708
0.37737326286944606,0.006742738589211594
0.3775689958896066,0.006739243131156036
0.3777647289097671,0.006735751295336767
0.3779604619299276,0.006732263076126399
0.37815619495008806,0.006728778467908869
0.3783519279702486,0.0067252974650802155
0.3785476609904091,0.006721820062047579
0.37874339401056956,0.006718346253229979
0.37893912703073007,0.0067148760330578705
0.3791348600508906,0.006711409395973145
0.3793305930710511,0.006707946336429349
0.37952632609121156,0.0067044868488911336
0.3797220591113721,0.006701030927835028
0.3799177921315326,0.006697578567748552
0.3801135251516931,0.006694129763130774
0.38030925817185357,0.006690684508491973
0.3805049911920141,0.006687242798353865
0.3807007242121746,0.006683804627249379
0.3808964572323351,0.0066803699897225455
0.3810921902524956,0.00667693888032872
0.3812879232726561,0.006673511293634471
0.3814836562928166,0.00667008722421758
0.3816793893129771,0.00666666666666671
0.3818751223331376,0.0066632496155817345
0.3820708553532981,0.006659836065573743
0.3822665883734586,0.0066564260112647045
0.38246232139361913,0.006653019447287578
0.3826580544137796,0.006649616368286426
0.3828537874339401,0.006646216768916191
0.3830495204541006,0.006642820643842584
0.3832452534742611,0.006639427987742641
0.3834409864944216,0.0066360387953037225
0.3836367195145821,0.006632653061224514
0.38383245253474263,0.006629270780214136
0.3840281855549031,0.006625891946992812
0.3842239185750636,0.0066225165562914245
0.3844196515952241,0.00661914460285129
0.38461538461538464,0.00661577608142494
0.3848111176355451,0.00661241098677523
0.3850068506557056,0.0066090493136756745
0.38520258367586613,0.0066056910569105565
0.38539831669602664,0.006602336211274706
0.3855940497161871,0.006598984771573613
0.3857897827363476,0.006595636732623089
0.38598551575650814,0.006592292089249496
0.38618124877666865,0.006588950836289964
0.3863769817968291,0.006585612968591725
0.3865727148169896,0.006582278481012671
0.38676844783715014,0.006578947368421018
0.3869641808573106,0.006575619625695528
0.3871599138774711,0.0065722952477249574
0.38735564689763163,0.0065689742294088305
0.38755137991779215,0.006565656565656552
0.3877471129379526,0.006562342251388187
0.3879428459581131,0.006559031281533789
0.38813857897827364,0.00655572365103374
0.38833431199843416,0.0065524193548387455
0.3885300450185946,0.006549118387909281
0.38872577803875513,0.00654582074521648
0.38892151105891565,0.006542526421741357
0.38911724407907616,0.006539235412474809
0.3893129770992366,0.006535947712418277
0.38950871011939714,0.006532663316582865
0.38970444313955765,0.006529382219989999
0.38990017615971817,0.006526104417670653
0.39009590917987863,0.00652282990466635
0.39029164220003915,0.006519558676028048
0.39048737522019966,0.006516290726817031
0.3906831082403601,0.006513026052104243
0.39087884126052064,0.006509764646970506
0.39107457428068115,0.006506506506506526
0.39127030730084167,0.006503251625812889
0.39146604032100213,0.00649999999999995
0.39166177334116264,0.006496751624187946
0.39185750636132316,0.00649350649350644
0.3920532393814837,0.006490264603095319
0.39224897240164414,0.006487025948103797
0.39244470542180465,0.006483790523690747
0.39264043844196517,0.006480558325024921
0.3928361714621257,0.006477329347284511
0.39303190448228614,0.006474103585657365
0.39322763750244666,0.006470881035340992
0.3934233705226072,0.006467661691542337
0.3936191035427677,0.006464445549477893
0.39381483656292815,0.006461232604373812
0.39401056958308867,0.006458022851465461
0.3942063026032492,0.006454816285997977
0.3944020356234097,0.006451612903225823
0.39459776864357016,0.0064484126984126755
0.3947935016637307,0.006445215666831983
0.3949892346838912,0.006442021803766074
0.39518496770405165,0.006438831104507159
0.39538070072421216,0.006435643564356441
0.3955764337443727,0.00643245917862445
0.3957721667645332,0.00642927794263104
0.39596789978469366,0.006426099851705391
0.39616363280485417,0.006422924901185789
0.3963593658250147,0.006419753086419733
0.3965550988451752,0.006416584402764047
0.39675083186533566,0.006413418845584662
0.3969465648854962,0.0064102564102563875
0.3971422979056567,0.006407097092163583
0.3973380309258172,0.0064039408866994885
0.39753376394597767,0.006400787789266338
0.3977294969661382,0.006397637795275579
0.3979252299862987,0.0063944909001475425
0.3981209630064592,0.006391347099311662
0.3983166960266197,0.006388206388206363
0.3985124290467802,0.006385068762278956
0.3987081620669407,0.006381934216985741
0.39890389508710117,0.006378802747791901
0.3990996281072617,0.006375674350171612
0.3992953611274222,0.0063725490196078205
0.3994910941475827,0.006369426751592355
0.3996868271677432,0.006366307541625815
0.3998825601879037,0.006363191385217792
0.4000782932080642,0.006360078277886538
0.4002740262282247,0.006356968215158965
0.4004697592483852,0.006353861192570864
0.4006654922685457,0.006350757205666802
0.4008612252887062,0.00634765625
0.40105695830886673,0.006344558321132232
0.4012526913290272,0.006341463414634152
0.4014484243491877,0.006338371526084852
0.4016441573693482,0.006335282651072083
0.40183989038950874,0.006332196785192368
0.4020356234096692,0.006329113924050667
0.4022313564298297,0.006326034063260377
0.4024270894499902,0.006322957198443557
0.4026228224701507,0.006319883325230924
0.4028185554903112,0.00631681243926141
0.4030142885104717,0.006313744536182608
0.40321002153063223,0.006310679611650438
0.4034057545507927,0.006307617661329479
0.4036014875709532,0.006304558680892303
0.4037972205911137,0.006301502666020364
0.40399295361127424,0.006298449612403112
0.4041886866314347,0.006295399515738542
0.4043844196515952,0.006292352371732868
0.40458015267175573,0.0062893081761006275
0.40477588569191625,0.006286266924564798
0.4049716187120767,0.006283228612856462
0.4051673517322372,0.006280193236715026
0.40536308475239774,0.0062771607918880035
0.40555881777255826,0.006274131274131234
0.4057545507927187,0.006271104679208883
0.40595028381287923,0.006268081002893
0.40614601683303975,0.006265060240963849
0.40634174985320026,0.006262042389210021
0.4065374828733607,0.006259027443427989
0.40673321589352124,0.006256015399422554
0.40692894891368175,0.006253006253006288
0.4071246819338422,0.006249999999999978
0.40732041495400273,0.006246996636232627
0.40751614797416325,0.006243996157540788
0.40771188099432376,0.006721075372059571
0.4079076140144842,0.006717850287907834
0.40810334703464474,0.006714628297362135
0.40829908005480525,0.006711409395973145
0.40849481307496577,0.006708193579300414
0.40869054609512623,0.006704980842911823
0.40888627911528674,0.006701771182383909
0.40908201213544726,0.006698564593301426
0.4092777451556078,0.006695361071257788
0.40947347817576824,0.006692160611854736
0.40966921119592875,0.006688963210702337
0.40986494421608927,0.007163323782234943
0.4100606772362498,0.007159904534606243
0.41025641025641024,0.007156488549618367
0.41045214327657076,0.007153075822603716
0.4106478762967313,0.007149666348903683
0.41084360931689173,0.007146260123868542
0.41103934233705225,0.0071428571428571175
0.41123507535721276,0.007139457401237559
0.4114308083773733,0.007136060894386342
0.41162654139753374,0.007132667617689048
0.41182227441769426,0.0071292775665399155
0.41201800743785477,0.0071258907363420665
0.4122137404580153,0.007122507122507171
0.41240947347817575,0.007119126720455671
0.41260520649833626,0.007115749525616666
0.4128009395184968,0.007112375533428139
0.4129966725386573,0.007109004739336511
0.41319240555881775,0.00710563713879675
0.41338813857897827,0.007102272727272707
0.4135838715991388,0.007098911500236671
0.4137796046192993,0.007095553453169368
0.41397533763945976,0.007092198581560294
0.4141710706596203,0.007088846880907385
0.4143668036797808,0.007085498346717012
0.41456253669994125,0.007082152974504208
0.41475826972010177,0.007078810759792331
0.4149540027402623,0.007075471698113178
0.4151497357604228,0.007072135785007094
0.41534546878058326,0.00706880301602264
0.4155412018007438,0.007065473386716925
0.4157369348209043,0.007062146892655385
0.4159326678410648,0.007058823529411784
0.41612840086122527,0.00705550329256821
0.4163241338813858,0.007052186177715081
0.4165198669015463,0.007048872180451138
0.4167155999217068,0.007045561296383229
0.4169113329418673,0.007042253521126751
0.4171070659620278,0.007038948850304982
0.4173027989821883,0.0070356472795497504
0.4174985320023488,0.007032348804500654
0.4176942650225093,0.007029053420805953
0.4178899980426698,0.007025761124121788
0.4180857310628303,0.0070224719101124045
0.41828146408299083,0.007019185774450154
0.4184771971031513,0.007015902712815714
0.4186729301233118,0.007012622720897643
0.4188686631434723,0.00747663551401867
0.4190643961636328,0.007473143390938852
0.4192601291837933,0.007469654528478031
0.4194558622039538,0.0074661689220718586
0.4196515952241143,0.007462686567164201
0.4198473282442748,0.007459207459207473
0.4200430612644353,0.00745573159366264
0.4202387942845958,0.007452258965999103
0.42043452730475633,0.007448789571694592
0.4206302603249168,0.007445323406235493
0.4208259933450773,0.007441860465116301
0.4210217263652378,0.007438400743840057
0.42121745938539834,0.0074349442379182396
0.4214131924055588,0.0074314909428704334
0.4216089254257193,0.00742804085422466
0.42180465844587983,0.007424593967517379
0.42200039146604035,0.007421150278293154
0.4221961244862008,0.007417709782104764
0.4223918575063613,0.007414272474513428
0.42258759052652184,0.007410838351088467
0.4227833235466823,0.007407407407407418
0.4229790565668428,0.007403979639056035
0.42317478958700333,0.007400555041628176
0.42337052260716385,0.0073971336107258034
0.4235662556273243,0.007393715341959317
0.4237619886474848,0.007390300230946889
0.42395772166764534,0.007386888273314907
0.42415345468780585,0.007383479464697751
0.4243491877079663,0.0073800738007380184
0.42454492072812683,0.007376671277086189
0.42474065374828734,0.007373271889400956
0.42493638676844786,0.007369875633348677
0.4251321197886083,0.007366482504604033
0.42532785280876884,0.007363092498849477
0.42552358582892935,0.007359705611775569
0.42571931884908987,0.007356321839080415
0.4259150518692503,0.007352941176470562
0.42611078488941084,0.007349563619660104
0.42630651790957136,0.00734618916437102
0.4265022509297318,0.007342817806333168
0.42669798394989233,0.007339449541284404
0.42689371697005285,0.007336084364970241
0.42708944999021337,0.007332722273143855
0.4272851830103738,0.007329363261566635
0.42748091603053434,0.0073260073260073
0.42767664905069486,0.0073226544622425616
0.4278723820708554,0.007319304666056681
0.42806811509101583,0.007315957933241912
0.42826384811117635,0.007312614259597838
0.42845958113133686,0.007309273640931924
0.4286553141514974,0.007305936073059405
0.42885104717165784,0.007302601551802845
0.42904678019181836,0.007299270072992692
0.42924251321197887,0.00729594163246694
0.4294382462321394,0.007292616226071136
0.42963397925229985,0.007289293849658263
0.42982971227246036,0.007285974499089298
0.4300254452926209,0.007282658170232104
0.4302211783127814,0.007279344858962644
0.43041691133294185,0.007276034561164213
0.43061264435310237,0.0072727272727273196
0.4308083773732629,0.007269422989550245
0.43100411039342335,0.0072661217075385975
0.43119984341358386,0.0072628234226055355
0.4313955764337444,0.007259528130671544
0.4315913094539049,0.007256235827664437
0.43178704247406535,0.0072529465095194645
0.43198277549422587,0.0072496601721794285
0.4321785085143864,0.007246376811594235
0.4323742415345469,0.007243096423721118
0.43256997455470736,0.007239819004524861
0.4327657075748679,0.007236544549977353
0.4329614405950284,0.007233273056057921
0.4331571736151889,0.007230004518752775
0.43335290663534937,0.0072267389340560095
0.4335486396555099,0.007223476297968379
0.4337443726756704,0.0072202166064981865
0.4339401056958309,0.007216959855660843
0.4341358387159914,0.007213706041478862
0.4343315717361519,0.007210455159981977
0.4345273047563124,0.007207207207207245
0.43472303777647286,0.007203962179198609
0.4349187707966334,0.007200720072007227
0.4351145038167939,0.007197480881691365
0.4353102368369544,0.007194244604316502
0.43550596985711487,0.007191011235955003
0.4357017028772754,0.007187780772686447
0.4358974358974359,0.007184553210597189
0.4360931689175964,0.007181328545781018
0.4362889019377569,0.007178106774338278
0.4364846349579174,0.007623318385650224
0.4366803679780779,0.007619901389511408
0.4368761009982384,0.007616487455197163
0.4370718340183989,0.00761307657859378
0.4372675670385594,0.007609668755595322
0.4374633000587199,0.0076062639821029565
0.43765903307888043,0.007602862254025067
0.4378547660990409,0.007599463567277587
0.4380504991192014,0.0075960679177837775
0.4382462321393619,0.007592675301473895
0.4384419651595224,0.007589285714285743
0.4386376981796829,0.007585899152164233
0.4388334311998434,0.007582515611061602
0.43902916422000393,0.007579135086937083
0.4392248972401644,0.007575757575757569
0.4394206302603249,0.0075723830734966135
0.4396163632804854,0.0075690115761353205
0.43981209630064594,0.007565643079661788
0.4400078293208064,0.007562277580071219
0.4402035623409669,0.007558915073365924
0.44039929536112743,0.007555555555555538
0.44059502838128795,0.0075521990226565805
0.4407907614014484,0.007548845470692678
0.4409864944216089,0.007545494895694671
0.44118222744176944,0.007542147293700063
0.44137796046192995,0.007538802660753907
0.4415736934820904,0.007535460992907805
0.44176942650225093,0.007532122286220688
0.44196515952241144,0.0075287865367581475
0.44216089254257196,0.007525453740593213
0.4423566255627324,0.007522123893805355
0.44255235858289294,0.007518796992481258
0.44274809160305345,0.0075154730327143815
0.4429438246232139,0.0075121520106054
0.4431395576433744,0.0075088339222615375
0.44333529066353494,0.007505518763796903
0.44353102368369546,0.007502206531332711
0.4437267567038559,0.007498897220996947
0.44392248972401643,0.007495590828924148
0.44411822274417695,0.007492287351256066
0.44431395576433746,0.007488986784141005
0.4445096887844979,0.007485689123734041
0.44470542180465844,0.0074823943661971315
0.44490115482481896,0.00747910250769912
0.44509688784497947,0.007475813544415177
0.44529262086513993,0.007472527472527468
0.44548835388530045,0.00746924428822493
0.44568408690546096,0.007465963987703161
0.4458798199256215,0.007462686567164201
0.44607555294578194,0.00745941202281708
0.44627128596594245,0.007456140350877161
0.44646701898610297,0.007452871547566908
0.44666275200626343,0.007449605609114784
0.44685848502642395,0.007446342531756467
0.44705421804658446,0.007443082311733851
0.447249951066745,0.007439824945295381
0.44744568408690544,0.007436570428696387
0.44764141710706595,0.007433318758198526
0.44783715012722647,0.007430069930069894
0.448032883147387,0.007426823940585359
0.44822861616754744,0.007423580786026229
0.44842434918770796,0.007420340462680031
0.4486200822078685,0.007417102966841171
0.448815815228029,0.007413868294810277
0.44901154824818945,0.007410636442894525
0.44920728126834997,0.007407407407407418
0.4494030142885105,0.007404181184669012
0.449598747308671,0.0074009577710056895
0.44979448032883146,0.007397737162750273
0.449990213348992,0.007394519356241802
0.4501859463691525,0.007391304347826089
0.45038167938931295,0.007388092133854829
0.45057741240947347,0.00738488271068638
0.450773145429634,0.007381676074685206
0.4509688784497945,0.00737847222222221
0.45116461146995496,0.007375271149674623
0.4513603444901155,0.007372072853425893
0.451556077510276,0.007368877329865575
0.4517518105304365,0.007365684575389997
0.45194754355059696,0.007362494586401036
0.4521432765707575,0.007359307359307343
0.452339009590918,0.007356122890523564
0.4525347426110785,0.007352941176470562
0.45273047563123897,0.007349762213575417
0.4529262086513995,0.0073465859982714266
0.45312194167156,0.007343412526997883
0.4533176746917205,0.0073402417962002975
0.453513407711881,0.007337073802330618
0.4537091407320415,0.007333908541846457
0.453904873752202,0.007330746011211753
0.4541006067723625,0.0073275862068965525
0.454296339792523,0.007324429125377008
0.4544920728126835,0.007321274763135266
0.454687805832844,0.00731812311665947
0.4548835388530045,0.0073149741824440895
0.455079271873165,0.007311827956989259
0.4552750048933255,0.007308684436801327
0.455470737913486,0.007305543618392751
0.4556664709336465,0.007302405498281761
0.455862203953807,0.007299270072992692
0.4560579369739675,0.007296137339055764
0.45625366999412803,0.007293007293007303
0.4564494030142885,0.007289879931389409
0.456645136034449,0.0072867552507500655
0.4568408690546095,0.007283633247643584
0.45703660207477004,0.007280513918629605
0.4572323350949305,0.007277397260273988
0.457428068115091,0.007274283269148474
0.45762380113525153,0.007271171941830579
0.45781953415541204,0.007268063274903813
0.4580152671755725,0.007264957264957239
0.458211000195733,0.0072618539085860245
0.45840673321589354,0.0072587532023911105
0.458602466236054,0.0072556551429791005
0.4587981992562145,0.007252559726962482
0.458993932276375,0.0072494669509595155
0.45918966529653554,0.007246376811594235
0.459385398316696,0.0072432893054963365
0.4595811313368565,0.007240204429301511
0.45977686435701703,0.00723712217965089
0.45997259737717755,0.007234042553191489
0.460168330397338,0.007230965546575874
0.4603640634174985,0.007227891156462607
0.46055979643765904,0.007224819379515468
0.46075552945781956,0.007221750212404454
0.46095126247798,0.007218683651804669
0.46114699549814053,0.007215619694397324
0.46134272851830105,0.007212558336868846
0.46153846153846156,0.007209499575911771
0.461734194558622,0.00720644340822385
0.46192992757878254,0.0072033898305085
0.46212566059894306,0.007200338839474796
0.4623213936191035,0.0071972904318374775
0.46251712663926403,0.007617435463393996
0.46271285965942455,0.0076142131979695105
0.46290859267958506,0.007610993657505283
0.4631043256997455,0.0076077768385460764
0.46330005871990604,0.0076045627376425395
0.46349579174006655,0.007601351351351315
0.46369152476022707,0.007598142676234709
0.46388725778038753,0.0075949367088608
0.46408299080054805,0.007591733445803439
0.46427872382070856,0.007588532883642474
0.4644744568408691,0.007585335018963302
0.46467018986102954,0.0075821398483572056
0.46486592288119005,0.0075789473684210185
0.46506165590135057,0.007575757575757569
0.4652573889215111,0.007572570466975126
0.46545312194167154,0.007569386038687953
0.46564885496183206,0.007566204287515754
0.4658445879819926,0.007563025210084007
0.4660403210021531,0.007559848803023961
0.46623605402231355,0.007556675062972307
0.46643178704247407,0.007553503986571508
0.4666275200626346,0.007550335570469802
0.46682325308279504,0.007547169811320753
0.46701898610295556,0.0079631181894384
0.4672147191231161,0.007959782153330486
0.4674104521432766,0.007956448911222824
0.46760618516343705,0.007953118459606556
0.46780191818359756,0.00794979079497904
0.4679976512037581,0.007946465913843626
0.4681933842239186,0.007943143812708997
0.46838911724407906,0.007939824488090275
0.46858485026423957,0.007936507936507908
0.4687805832844001,0.007933194154488565
0.4689763163045606,0.007929883138564242
0.46917204932472106,0.007926574885273263
0.4693677823448816,0.007923269391159282
0.4695635153650421,0.007919966652771948
0.4697592483852026,0.007916666666666683
0.46995498140536307,0.00791336942940446
0.4701507144255236,0.007910074937552025
0.4703464474456841,0.00790678318768201
0.47054218046584456,0.007903494176372705
0.4707379134860051,0.007900207900207845
0.4709336465061656,0.007896924355777268
0.4711293795263261,0.00789364353967592
0.47132511254648657,0.007890365448504966
0.4715208455666471,0.007887090078870895
0.4717165785868076,0.007883817427385864
0.4719123116069681,0.0078805474906678
0.4721080446271286,0.007877280265339959
0.4723037776472891,0.007874015748031482
0.4724995106674496,0.00787075393537695
0.4726952436876101,0.007867494824016608
0.4728909767077706,0.007864238410596025
0.4730867097279311,0.00786098469176666
0.4732824427480916,0.007857733664185296
0.47347817576825213,0.007854485324514271
0.4736739087884126,0.007851239669421473
0.4738696418085731,0.00784799669558034
0.4740653748287336,0.007844756399669639
0.4742611078488941,0.007841518778373913
0.4744568408690546,0.007838283828382808
0.4746525738892151,0.007835051546391747
0.47484830690937563,0.007831821929101368
0.4750440399295361,0.007828594973217973
0.4752397729496966,0.00782537067545308
0.4754355059698571,0.007822149032523651
0.47563123899001764,0.007818930041152305
0.4758269720101781,0.007815713698066662
0.4760227050303386,0.0078125
0.4762184380504991,0.0078092889436909285
0.47641417107065964,0.007806080525883274
0.4766099040908201,0.007802874743326527
0.4768056371109806,0.007799671592775059
0.47700137013114113,0.0077964710709889085
0.47719710315130165,0.007793273174733439
0.4773928361714621,0.007790077900779013
0.4775885691916226,0.0077868852459016535
0.47778430221178314,0.0077836952068823795
0.47798003523194366,0.007780507780507762
0.4781757682521041,0.007777322963569366
0.47837150127226463,0.0077741407528642
0.47856723429242515,0.007770961145194266
0.4787629673125856,0.0077677841373671175
0.4789587003327461,0.007764609726195304
0.47915443335290664,0.0077614379084967045
0.47935016637306715,0.008166598611678233
0.4795458993932276,0.008163265306122436
0.47974163241338813,0.008567931456548328
0.47993736543354865,0.00856443719412725
0.48013309845370916,0.008560945780676676
0.4803288314738696,0.008557457212713948
0.48052456449403014,0.008553971486761736
0.48072029751419065,0.008550488599348482
0.48091603053435117,0.008547008547008517
0.48111176355451163,0.008543531326281495
0.48130749657467214,0.008540056933712847
0.48150322959483266,0.008536585365853666
0.4816989626149932,0.008533116619260483
0.48189469563515364,0.008529650690495494
0.48209042865531415,0.008526187576126665
0.48228616167547467,0.008522727272727293
0.4824818946956351,0.008519269776876226
0.48267762771579564,0.008515815085158196
0.48287336073595616,0.00851236319416293
0.4830690937561167,0.008508914100486265
0.48326482677627713,0.008505467800729027
0.48346055979643765,0.008502024291497934
0.48365629281659817,0.008498583569405138
0.4838520258367587,0.008495145631068013
0.48404775885691914,0.008491710473109593
0.48424349187707966,0.008488278092158463
0.4844392248972402,0.00848484848484854
0.4846349579174007,0.008481421647819065
0.48483069093756115,0.008477997577714946
0.48502642395772166,0.008474576271186418
0.4852221569778822,0.008471157724889045
0.4854178899980427,0.00846774193548383
0.48561362301820316,0.008464328899637219
0.48580935603836367,0.008460918614020985
0.4860050890585242,0.008457511075312119
0.48620082207868465,0.008454106280193274
0.48639655509884516,0.008450704225352101
0.4865922881190057,0.008447304907481912
0.4867880211391662,0.008443908323281013
0.48698375415932665,0.008440514469453375
0.48717948717948717,0.008437123342707964
0.4873752201996477,0.008433734939759074
0.4875709532198082,0.00843034925732633
0.48776668623996866,0.008426966292134797
0.4879624192601292,0.008423586040914532
0.4881581522802897,0.008420208500400927
0.4883538853004502,0.0084168336673347
0.48854961832061067,0.008413461538461564
0.4887453513407712,0.008410092110532674
0.4889410843609317,0.008406725380304292
0.4891368173810922,0.008403361344537785
0.4893325504012527,0.008399999999999963
0.4895282834214132,0.00839664134346263
0.4897240164415737,0.008393285371702586
0.4899197494617342,0.008389932081502183
0.4901154824818947,0.008386581469648546
0.4903112155020552,0.008383233532934131
0.4905069485222157,0.008379888268156388
0.4907026815423762,0.008376545672118096
0.4908984145625367,0.00837320574162681
0.4910941475826972,0.008369868473495412
0.4912898806028577,0.00836653386454178
0.4914856136230182,0.008363201911589013
0.4916813466431787,0.00835987261146498
0.4918770796633392,0.00835654596100277
0.4920728126834997,0.00835322195704058
0.4922685457036602,0.008349900596421489
0.4924642787238207,0.008346581875993686
0.4926600117439812,0.008343265792610244
0.49285574476414173,0.008339952343129453
0.4930514777843022,0.00833664152441449
0.4932472108044627,0.008333333333333304
0.4934429438246232,0.008726695755652547
0.49363867684478374,0.008723235527359208
0.4938344098649442,0.008719778042013515
0.4940301428851047,0.008716323296354966
0.49422587590526523,0.00871287128712872
0.4944216089254257,0.008709422011084711
0.4946173419455862,0.0087059754649782
0.4948130749657467,0.008702531645569667
0.49500880798590724,0.00909450375642551
0.4952045410060677,0.009090909090909038
0.4954002740262282,0.009087317265902839
0.49559600704638873,0.009083728278041048
0.49579174006654925,0.009080142123963686
0.4959874730867097,0.00907655880031566
0.4961832061068702,0.009072978303747536
0.49637893912703074,0.009069400630914881
0.49657467214719125,0.009065825778478476
0.4967704051673517,0.009062253743104765
0.49696613818751223,0.009058684521465188
0.49716187120767275,0.009055118110236182
0.49735760422783326,0.009051554506099957
0.4975533372479937,0.009047993705743496
0.49774907026815424,0.009044435705859222
0.49794480328831475,0.009040880503144666
0.4981405363084752,0.009037328094302577
0.49833626932863573,0.00903377847604081
0.49853200234879624,0.009030231645072662
0.49872773536895676,0.009026687598116201
0.4989234683891172,0.009023146331894827
0.49911920140927774,0.009019607843137267
0.49931493442943825,0.009016072128577024
0.49951066744959877,0.009012539184952928
0.4997064004697592,0.009009009009009028
0.49990213348991974,0.009005481597494147
0.5000978665100803,0.009001956947162437
0.5002935995302408,0.008998435054773046
0.5004893325504013,0.00899491591709034
0.5006850655705618,0.00899139953088346
0.5008807985907222,0.008987885892926872
0.5010765316108827,0.008984375000000044
0.5012722646310432,0.008980866848887104
0.5014679976512038,0.00897736143637784
0.5016637306713643,0.008973858759266484
0.5018594636915248,0.008970358814352597
0.5020551967116853,0.008966861598440512
0.5022509297318457,0.008963367108339781
0.5024466627520062,0.008959875340864842
0.5026423957721667,0.008956386292834906
0.5028381287923273,0.008952899961074401
0.5030338618124878,0.00894941634241242
0.5032295948326483,0.008945935433683383
0.5034253278528088,0.008942457231726264
0.5036210608729693,0.008938981733385143
0.5038167938931297,0.008935508935508985
0.5040125269132902,0.008932038834951417
0.5042082599334508,0.008928571428571397
0.5044039929536113,0.008925106713232434
0.5045997259737718,0.00892164468580292
0.5047954589939323,0.008918185343156249
0.5049911920140928,0.00891472868217058
0.5051869250342533,0.008911274699728744
0.5053826580544137,0.008907823392718783
0.5055783910745743,0.008904374758033295
0.5057741240947348,0.008900928792569651
0.5059698571148953,0.008897485493230217
0.5061655901350558,0.008894044856921912
0.5063613231552163,0.00889060688055665
0.5065570561753768,0.00888717156105101
0.5067527891955372,0.008883738895326343
0.5069485222156977,0.008880308880308885
0.5071442552358583,0.008876881512929424
0.5073399882560188,0.008873456790123413
0.5075357212761793,0.00887003470883152
0.5077314542963398,0.009252120277563614
0.5079271873165003,0.009248554913294793
0.5081229203366608,0.009244992295839749
0.5083186533568212,0.009241432422025464
0.5085143863769818,0.009237875288683584
0.5087101193971423,0.009234320892650971
0.5089058524173028,0.009230769230769265
0.5091015854374633,0.009227220299884653
0.5092973184576238,0.009223674096848544
0.5094930514777843,0.00922013061851712
0.5096887844979449,0.009216589861751112
0.5098845175181053,0.009213051823416474
0.5100802505382658,0.009209516500383708
0.5102759835584263,0.009205983889528202
0.5104717165785868,0.009202453987730008
0.5106674495987473,0.009198926791874285
0.5108631826189078,0.00919540229885063
0.5110589156390684,0.009191880505553418
0.5112546486592288,0.009188361408882129
0.5114503816793893,0.009567546880979716
0.5116461146995498,0.009563886763580665
0.5118418477197103,0.009560229445506718
0.5120375807398708,0.009556574923547445
0.5122333137600313,0.00955292319449752
0.5124290467801919,0.009549274255156615
0.5126247798003524,0.009545628102329173
0.5128205128205128,0.009541984732824416
0.5130162458406733,0.009538344143456667
0.5132119788608338,0.009534706331045029
0.5134077118809943,0.009531071292413262
0.5136034449011548,0.009527439024390238
0.5137991779213154,0.00952380952380949
0.5139949109414759,0.009520182787509546
0.5141906439616363,0.009516558812333487
0.5143863769817968,0.00951293759512939
0.5145821100019573,0.009509319132750105
0.5147778430221178,0.009505703422053258
0.5149735760422783,0.009502090459901136
0.5151693090624389,0.009498480243161134
0.5153650420825994,0.009494872768704865
0.5155607751027599,0.009491268033409272
0.5157565081229203,0.009487666034155628
0.5159522411430808,0.00948406676783009
0.5161479741632413,0.009480470231323479
0.5163437071834018,0.0094768764215315
0.5165394402035624,0.009473285335354298
0.5167351732237229,0.009848484848484884
0.5169309062438834,0.009844755774327862
0.5171266392640439,0.009841029523088518
0.5173223722842043,0.009837306091562636
0.5175181053043648,0.009833585476550666
0.5177138383245253,0.009829867674858273
0.5179095713446858,0.009826152683295564
0.5181053043648464,0.009822440498677754
0.5183010373850069,0.00981873111782472
0.5184967704051674,0.009815024537561334
0.5186925034253278,0.009811320754717023
0.5188882364454883,0.009807619766125986
0.5190839694656488,0.009803921568627416
0.5192797024858093,0.009800226159065173
0.5194754355059699,0.009796533534287888
0.5196711685261304,0.009792843691148745
0.5198669015462909,0.009789156626506035
0.5200626345664514,0.009785472337222378
0.5202583675866118,0.009781790820165503
0.5204541006067723,0.009778112072207579
0.5206498336269328,0.009774436090225547
0.5208455666470934,0.009770762871101124
0.5210412996672539,0.009767092411720468
0.5212370326874144,0.009763424708974844
0.5214327657075749,0.009759759759759734
0.5216284987277354,0.009756097560975618
0.5218242317478958,0.009752438109527417
0.5220199647680563,0.009748781402324713
0.5222156977882169,0.009745127436281864
0.5224114308083774,0.009741476208317668
0.5226071638285379,0.009737827715355807
0.5228028968486984,0.009734181954324184
0.5229986298688589,0.009730538922155696
0.5231943628890193,0.00972689861578746
0.5233900959091798,0.00972326103216159
0.5235858289293404,0.009719626168224305
0.5237815619495009,0.00971599402092671
0.5239772949696614,0.009712364587224465
0.5241730279898219,0.009708737864077666
0.5243687610099824,0.009705113848450964
0.5245644940301429,0.00970149253731345
0.5247602270503033,0.00969787392763899
0.5249559600704639,0.009694258016405666
0.5251516930906244,0.009690644800596337
0.5253474261107849,0.009687034277198192
0.5255431591309454,0.00968342644320297
0.5257388921511059,0.00967982129560685
0.5259346251712664,0.009676218831410455
0.5261303581914268,0.009672619047619069
0.5263260912115874,0.009669021941242084
0.5265218242317479,0.009665427509293667
0.5267175572519084,0.009661835748792313
0.5269132902720689,0.009658246656760738
0.5271090232922294,0.009654660230226542
0.5273047563123899,0.009651076466221209
0.5275004893325504,0.009647495361781111
0.5276962223527109,0.009643916913946615
0.5278919553728714,0.009640341119762752
0.5280876883930319,0.00963676797627877
0.5282834214131924,0.009633197480548361
0.5284791544333529,0.009629629629629655
0.5286748874535134,0.009626064420585001
0.528870620473674,0.00962250185048108
0.5290663534938345,0.009618941916389234
0.5292620865139949,0.009615384615384581
0.5294578195341554,0.009611829944547123
0.5296535525543159,0.00960827790096086
0.5298492855744764,0.00960472848171412
0.5300450185946369,0.009601181683899562
0.5302407516147974,0.009597637504614287
0.530436484634958,0.00959409594095939
0.5306322176551184,0.009590556990040522
0.5308279506752789,0.009587020648967548
0.5310236836954394,0.009583486914854444
0.5312194167155999,0.009579955784819405
0.5314151497357604,0.009576427255985287
0.5316108827559209,0.009572901325478611
0.5318066157760815,0.009569377990430672
0.532002348796242,0.009565857247976428
0.5321980818164024,0.009562339095255612
0.5323938148365629,0.00955882352941173
0.5325895478567234,0.009555310547592843
0.5327852808768839,0.009551800146950784
0.5329810138970444,0.009548292324641938
0.533176746917205,0.009544787077826689
0.5333724799373655,0.009541284403669748
0.533568212957526,0.009537784299339713
0.5337639459776864,0.009534286762009514
0.5339596789978469,0.009530791788856297
0.5341554120180074,0.009527299377061205
0.5343511450381679,0.00952380952380949
0.5345468780583285,0.009520322226290734
0.534742611078489,0.009516837481698404
0.5349383440986495,0.009513355287230185
0.5351340771188099,0.009509875640087762
0.5353298101389704,0.009506398537477145
0.5355255431591309,0.009502923976608235
0.5357212761792914,0.009499451954694926
0.535917009199452,0.009495982468955444
0.5361127422196125,0.009857612267250793
0.536308475239773,0.009854014598540184
0.5365042082599335,0.009850419554906953
0.5366999412800939,0.009846827133479175
0.5368956743002544,0.009843237331389032
0.5370914073204149,0.009839650145772594
0.5372871403405755,0.00983606557377048
0.537482873360736,0.00983248361252731
0.5376786063808965,0.009828904259191806
0.537874339401057,0.010189228529839833
0.5380700724212174,0.010185522008002934
0.5382658054413779,0.01018181818181818
0.5384615384615384,0.010178117048346036
0.538657271481699,0.01017441860465118
0.5388530045018595,0.010170722847802405
0.53904873752202,0.010167029774872938
0.5392444705421805,0.010163339382940118
0.539440203562341,0.010159651669085612
0.5396359365825014,0.010155966630395308
0.5398316696026619,0.010152284263959421
0.5400274026228224,0.010148604566872055
0.540223135642983,0.010507246376811552
0.5404188686631435,0.010503440782325235
0.540614601683304,0.010499637943519158
0.5408103347034645,0.01049583785740138
0.541006067723625,0.01049204052098407
0.5412018007437854,0.010488245931283946
0.541397533763946,0.010484454085321726
0.5415932667841065,0.0104806649801229
0.541788999804267,0.010476878612716733
0.5419847328244275,0.010473094980137265
0.542180465844588,0.01046931407942242
0.5423761988647485,0.010465535907614565
0.5425719318849089,0.010461760461760505
0.5427676649050694,0.010457987738910934
0.54296339792523,0.010454217736121096
0.5431591309453905,0.010450450450450455
0.543354863965551,0.01044668587896258
0.5435505969857115,0.010442924018725264
0.543746330005872,0.010439164866810624
0.5439420630260325,0.010435408420295111
0.544137796046193,0.01043165467625895
0.5443335290663535,0.010427903631787139
0.544529262086514,0.01042415528396834
0.5447249951066745,0.010420409629895766
0.544920728126835,0.01041666666666663
0.5451164611469955,0.01041292639138236
0.545312194167156,0.010409188801148606
0.5455079271873166,0.010405453893075012
0.545703660207477,0.010401721664275443
0.5458993932276375,0.010397992111868093
0.546095126247798,0.01039426523297493
0.5462908592679585,0.010390541024722366
0.546486592288119,0.010386819484240695
0.5466823253082795,0.010383100608664542
0.54687805832844,0.010379384395132418
0.5470737913486005,0.010375670840787166
0.547269524368761,0.0103719599427754
0.5474652573889215,0.010368251698248176
0.547660990409082,0.010364546104360217
0.5478567234292425,0.010360843158270794
0.548052456449403,0.010357142857142843
0.5482481894695636,0.010353445198143518
0.5484439224897241,0.010349750178443973
0.5486396555098845,0.010346057795219354
0.548835388530045,0.01034236804564903
0.5490311215502055,0.010338680926916255
0.549226854570366,0.010334996436208166
0.5494225875905265,0.010331314570716121
0.549618320610687,0.010327635327635365
0.5498140536308476,0.010323958704165137
0.550009786651008,0.010320284697508897
0.5502055196711685,0.010316613304873656
0.550401252691329,0.010312944523470868
0.5505969857114895,0.010309278350515427
0.55079271873165,0.010305614783226669
0.5509884517518105,0.010301953818827703
0.5511841847719711,0.010298295454545414
0.5513799177921316,0.010294639687610907
0.551575650812292,0.01029098651525906
0.5517713838324525,0.010287335934728636
0.551967116852613,0.010283687943262398
0.5521628498727735,0.010280042538107104
0.552358582892934,0.010276399716513063
0.5525543159130946,0.010272759475735027
0.5527500489332551,0.01026912181303119
0.5529457819534156,0.010265486725663742
0.553141514973576,0.010261854210898758
0.5533372479937365,0.010258224266006422
0.553532981013897,0.010254596888260248
0.5537287140340575,0.010250972074938192
0.5539244470542181,0.010247349823321539
0.5541201800743786,0.01059696220416817
0.5543159130945391,0.010593220338983023
0.5545116461146995,0.010589481115425348
0.55470737913486,0.010585744530698604
0.5549031121550205,0.010582010582010581
0.555098845175181,0.010578279266572621
0.5552945781953416,0.010574550581600284
0.5554903112155021,0.010570824524312905
0.5556860442356626,0.010567101091933817
0.5558817772558231,0.010563380281690127
0.5560775102759835,0.010559662090813049
0.556273243296144,0.010555946516537684
0.5564689763163045,0.010552233556102686
0.5566647093364651,0.010548523206751037
0.5568604423566256,0.010544815465729385
0.5570561753767861,0.01054111033028815
0.5572519083969466,0.010537407797681753
0.5574476414171071,0.010533707865168496
0.5576433744372675,0.01053001053001057
0.557839107457428,0.010526315789473717
0.5580348404775886,0.010522623640827788
0.5582305734977491,0.01051893408134641
0.5584263065179096,0.01051524710830709
0.5586220395380701,0.010511562718990897
0.5588177725582306,0.010507880910682998
0.559013505578391,0.010504201680672232
0.5592092385985515,0.010500525026251317
0.559404971618712,0.01049685094471664
0.5596007046388726,0.01049317943336836
0.5597964376590331,0.010489510489510523
0.5599921706791936,0.010485844110450837
0.5601879036993541,0.010482180293501009
0.5603836367195146,0.010478519035976297
0.560579369739675,0.010474860335195513
0.5607751027598356,0.010471204188481686
0.5609708357799961,0.010467550593161179
0.5611665688001566,0.010463899546564348
0.5613623018203171,0.010460251046025104
0.5615580348404776,0.010456605088881132
0.5617537678606381,0.010452961672473893
0.5619495008807985,0.010449320794148398
0.562145233900959,0.010445682451253435
0.5623409669211196,0.010442046641141678
0.5625366999412801,0.01043841336116913
0.5627324329614406,0.01043478260869568
0.5629281659816011,0.010431154381084884
0.5631238990017616,0.010427528675703845
0.5633196320219221,0.010423905489923557
0.5635153650420825,0.010420284821118453
0.5637110980622431,0.01041666666666663
0.5639068310824036,0.01041305102395007
0.5641025641025641,0.010409437890353868
0.5642982971227246,0.010405827263267442
0.5644940301428851,0.010402219140083213
0.5646897631630456,0.010398613518197597
0.5648854961832062,0.01039501039501034
0.5650812292033666,0.010391409767925186
0.5652769622235271,0.010387811634348987
0.5654726952436876,0.010384215991692591
0.5656684282638481,0.01038062283737029
0.5658641612840086,0.010377032168799705
0.5660598943041691,0.010373443983402453
0.5662556273243297,0.010369858278603483
0.5664513603444901,0.010366275051831408
0.5666470933646506,0.010362694300518172
0.5668428263848111,0.01035911602209949
0.5670385594049716,0.010355540214014525
0.5672342924251321,0.010351966873705987
0.5674300254452926,0.010348395998620252
0.5676257584654532,0.010344827586206917
0.5678214914856137,0.010341261633919352
0.5680172245057741,0.010337698139214369
0.5682129575259346,0.01033413709955222
0.5684086905460951,0.010330578512396715
0.5686044235662556,0.0103270223752151
0.5688001565864161,0.010323468685478288
0.5689958896065767,0.01031991744066052
0.5691916226267372,0.01031636863823937
0.5693873556468977,0.010312822275696076
0.5695830886670581,0.010309278350515427
0.5697788216872186,0.010305736860185544
0.5699745547073791,0.010302197802197766
0.5701702877275396,0.010298661174047319
0.5703660207477002,0.010295126973232649
0.5705617537678607,0.010291595197255532
0.5707574867880212,0.010288065843621408
0.5709532198081816,0.010284538909838825
0.5711489528283421,0.010281014393420107
0.5713446858485026,0.010277492291880796
0.5715404188686631,0.010273972602739767
0.5717361518888237,0.010270455323519334
0.5719318849089842,0.010266940451745366
0.5721276179291447,0.010263427984946949
0.5723233509493052,0.010259917920656614
0.5725190839694656,0.01025641025641022
0.5727148169896261,0.01025290498974707
0.5729105500097866,0.010249402118209794
0.5731062830299471,0.010245901639344246
0.5733020160501077,0.010242403550699941
0.5734977490702682,0.010238907849829393
0.5736934820904287,0.010235414534288667
0.5738892151105891,0.01023192360163716
0.5740849481307496,0.01022843504943749
0.5742806811509101,0.010224948875255602
0.5744764141710706,0.010221465076660996
0.5746721471912312,0.01021798365122617
0.5748678802113917,0.010214504596527063
0.5750636132315522,0.010211027910142945
0.5752593462517127,0.010207553589656304
0.5754550792718731,0.010204081632653073
0.5756508122920336,0.010200612036722179
0.5758465453121941,0.010197144799456104
0.5760422783323547,0.010193679918450549
0.5762380113525152,0.010190217391304324
0.5764337443726757,0.01018675721561968
0.5766294773928362,0.010183299389002087
0.5768252104129967,0.010179843909060016
0.5770209434331571,0.010176390773405708
0.5772166764533176,0.010172939979654072
0.5774124094734782,0.01016949152542368
0.5776081424936387,0.01016604540833621
0.5778038755137992,0.010162601626016232
0.5779996085339597,0.010159160176092086
0.5781953415541202,0.010155721056195
0.5783910745742806,0.010152284263959421
0.5785868075944411,0.010148849797023018
0.5787825406146017,0.010145417653026678
0.5789782736347622,0.010141987829614618
0.5791740066549227,0.010138560324433943
0.5793697396750832,0.010135135135135087
0.5795654726952437,0.010131712259371817
0.5797612057154042,0.010128291694800784
0.5799569387355646,0.010124873439081972
0.5801526717557252,0.010121457489878583
0.5803484047758857,0.010455311973018522
0.5805441377960462,0.010451786918408645
0.5807398708162067,0.010448264239973026
0.5809356038363672,0.01044474393530992
0.5811313368565277,0.010441226002020909
0.5813270698766883,0.010437710437710468
0.5815228028968487,0.010434197239986509
0.5817185359170092,0.010430686406460277
0.5819142689371697,0.010427177934746013
0.5821100019573302,0.010423671822461289
0.5823057349774907,0.010420168067226898
0.5825014679976512,0.01041666666666663
0.5826972010178118,0.010413167618407826
0.5828929340379722,0.010409670920080605
0.5830886670581327,0.010406176569318526
0.5832844000782932,0.010402684563758369
0.5834801330984537,0.01039919490103991
0.5836758661186142,0.010395707578806146
0.5838715991387747,0.010392222594703293
0.5840673321589352,0.010388739946380676
0.5842630651790958,0.01038525963149084
0.5844587981992562,0.010381781647689214
0.5846545312194167,0.010378305992634784
0.5848502642395772,0.010374832663989308
0.5850459972597377,0.010371361659417877
0.5852417302798982,0.010367892976588577
0.5854374633000587,0.010364426613172828
0.5856331963202193,0.010695187165775444
0.5858289293403797,0.01069161376545269
0.5860246623605402,0.010688042752171056
0.5862203953807007,0.010684474123539234
0.5864161284008612,0.010680907877169576
0.5866118614210217,0.011011011011010985
0.5868075944411822,0.01100733822548361
0.5870033274613428,0.011003667889296409
0.5871990604815033,0.01100000000000001
0.5873947935016637,0.010996334555148257
0.5875905265218242,0.011325782811459018
0.5877862595419847,0.011322011322011272
0.5879819925621452,0.011651131824234384
0.5881777255823057,0.011647254575707144
0.5883734586024663,0.011643379906852935
0.5885691916226268,0.011639507815098149
0.5887649246427873,0.011635638297872286
0.5889606576629477,0.011631771352608844
0.5891563906831082,0.011627906976744207
0.5893521237032687,0.011624045167718311
0.5895478567234292,0.011620185922974757
0.5897435897435898,0.011616329239960144
0.5899393227637503,0.011612475116124732
0.5901350557839108,0.011608623548922004
0.5903307888040712,0.011604774535808993
0.5905265218242317,0.011600928074245953
0.5907222548443922,0.01159708416169647
0.5909179878645527,0.011593242795627678
0.5911137208847133,0.011589403973509937
0.5913094539048738,0.011585567692816934
0.5915051869250343,0.011581733951025797
0.5917009199451948,0.011577902745616986
0.5918966529653552,0.01157407407407407
0.5920923859855157,0.011570247933884281
0.5922881190056762,0.01156642432253796
0.5924838520258368,0.01156260323752889
0.5926795850459973,0.011558784676354072
0.5928753180661578,0.01155496863651373
0.5930710510863183,0.011551155115511524
0.5932667841064788,0.011547344110854452
0.5934625171266392,0.011543535620052725
0.5936582501467997,0.011539729640619889
0.5938539831669603,0.011535926170072486
0.5940497161871208,0.011532125205930832
0.5942454492072813,0.01152832674571802
0.5944411822274418,0.011524530786960807
0.5946369152476023,0.011520737327188946
0.5948326482677627,0.01151694636393552
0.5950283812879232,0.011513157894736836
0.5952241143080838,0.011509371917132527
0.5954198473282443,0.011505588428665336
0.5956155803484048,0.01183043049622079
0.5958113133685653,0.01182654402102501
0.5960070463887258,0.011822660098522175
0.5962027794088863,0.011818778726198298
0.5963985124290467,0.011814899901542497
0.5965942454492072,0.011811023622047223
0.5967899784693678,0.011807149885208257
0.5969857114895283,0.011803278688524599
0.5971814445096888,0.01179941002949858
0.5973771775298493,0.011795543905635641
0.5975729105500098,0.011791680314444775
0.5977686435701702,0.011787819253438081
0.5979643765903307,0.011783960720130882
0.5981601096104913,0.011780104712041939
0.5983558426306518,0.011776251226692791
0.5985515756508123,0.011772400261608862
0.5987473086709728,0.011768551814318351
0.5989430416911333,0.0117647058823529
0.5991387747112938,0.011760862463247257
0.5993345077314542,0.011757021554539504
0.5995302407516148,0.01175318315377083
0.5997259737717753,0.011749347258485643
0.5999217067919358,0.011745513866231683
0.6001174398120963,0.011741682974559686
0.6003131728322568,0.011737854581023832
0.6005089058524173,0.011734028683181186
0.6007046388725779,0.011730205278592365
0.6009003718927383,0.011726384364820874
0.6010961049128988,0.011722565939433438
0.6012918379330593,0.01171875
0.6014875709532198,0.011714936544093724
0.6016833039733803,0.011711125569290881
0.6018790369935408,0.011707317073170742
0.6020747700137014,0.011703511053316018
0.6022705030338618,0.011699707507312307
0.6024662360540223,0.011695906432748537
0.6026619690741828,0.011692107827216636
0.6028577020943433,0.011688311688311637
0.6030534351145038,0.011684518013631906
0.6032491681346643,0.0120051914341337
0.6034449011548249,0.012001297437560843
0.6036406341749854,0.011997405966277519
0.6038363671951458,0.011993517017828248
0.6040321002153063,0.011989630589760214
0.6042278332354668,0.011985746679624265
0.6044235662556273,0.011981865284974136
0.6046192992757878,0.01197798640336678
0.6048150322959484,0.011974110032362484
0.6050107653161089,0.011970236169524417
0.6052064983362694,0.011966364812419195
0.6054022313564298,0.011962495958616204
0.6055979643765903,0.011958629605688387
0.6057936973967508,0.011954765751211682
0.6059894304169113,0.011950904392764805
0.6061851634370719,0.011947045527930245
0.6063808964572324,0.011943189154293044
0.6065766294773929,0.011939335269441798
0.6067723624975533,0.011935483870967767
0.6069680955177138,0.012254111576910698
0.6071638285378743,0.012250161186331376
0.6073595615580348,0.012246213341927215
0.6075552945781953,0.01224226804123707
0.6077510275983559,0.012238325281803575
0.6079467606185164,0.012234385061171915
0.6081424936386769,0.01223044737689094
0.6083382266588373,0.012226512226512276
0.6085339596789978,0.012222579607590878
0.6087296926991583,0.01221864951768492
0.6089254257193188,0.012214721954355467
0.6091211587394794,0.012210796915167133
0.6093168917596399,0.012206874397687084
0.6095126247798004,0.012202954399486154
0.6097083577999608,0.012520064205457482
0.6099040908201213,0.012516046213093657
0.6100998238402818,0.012512030798844997
0.6102955568604423,0.012508017960230933
0.6104912898806029,0.012504007694774
0.6106870229007634,0.012499999999999956
0.6108827559209239,0.012495994873437999
0.6110784889410844,0.012491992312620104
0.6112742219612448,0.012487992315081686
0.6114699549814053,0.012483994878361049
0.6116656880015658,0.012480000000000047
0.6118614210217264,0.0124760076775432
0.6120571540418869,0.01247201790853858
0.6122528870620474,0.012468030690537035
0.6124486200822079,0.012464046021092967
0.6126443531023684,0.012460063897763551
0.6128400861225288,0.012456084318109184
0.6130358191426893,0.01245210727969348
0.6132315521628499,0.012448132780082943
0.6134272851830104,0.012763241863433361
0.6136230182031709,0.012759170653907526
0.6138187512233314,0.012755102040816313
0.6140144842434919,0.01275103602167671
0.6142102172636523,0.01274697259400892
0.6144059502838128,0.01274291175533604
0.6146016833039734,0.01273885350318471
0.6147974163241339,0.012734797835084355
0.6149931493442944,0.012730744748567835
0.6151888823644549,0.0127266942411709
0.6153846153846154,0.012722646310432517
0.6155803484047759,0.012718600953895098
0.6157760814249363,0.013032422123331222
0.6159718144450969,0.013028280902446787
0.6161675474652574,0.013024142312579423
0.6163632804854179,0.01302000635122258
0.6165590135055784,0.013015873015873036
0.6167547465257389,0.01301174230403046
0.6169504795458994,0.01300761421319796
0.61714621256606,0.013003488740881752
0.6173419455862204,0.012999365884590941
0.6175376786063809,0.012995245641838404
0.6177334116265414,0.012991128010139463
0.6179291446467019,0.012987012987012991
0.6181248776668624,0.01298290056998097
0.6183206106870229,0.012978790756568492
0.6185163437071834,0.012974683544303756
0.6187120767273439,0.01297057893071818
0.6189078097475044,0.012966476913345959
0.6191035427676649,0.012962377489724952
0.6192992757878254,0.012958280657395682
0.6194950088079859,0.012954186413902002
0.6196907418281464,0.012950094756790875
0.619886474848307,0.01294600568361226
0.6200822078684675,0.012941919191919227
0.6202779408886279,0.01293783527926795
0.6204736739087884,0.012933753943217718
0.6206694069289489,0.012929675181330813
0.6208651399491094,0.012925598991172738
0.6210608729692699,0.012921525370311993
0.6212566059894304,0.012917454316320076
0.621452339009591,0.013228346456692908
0.6216480720297514,0.013224181360201537
0.6218438050499119,0.013220018885741314
0.6220395380700724,0.013530522341094975
0.6222352710902329,0.013526266121421826
0.6224310041103934,0.013522012578616405
0.6226267371305539,0.013517761710154064
0.6228224701507145,0.013513513513513487
0.623018203170875,0.013509267986176576
0.6232139361910354,0.013505025125628123
0.6234096692111959,0.013500784929356358
0.6236054022313564,0.01349654739485251
0.6238011352515169,0.013492312519610916
0.6239968682716774,0.013488080301129246
0.624192601291838,0.013483850736908165
0.6243883343119985,0.013479623824451448
0.624584067332159,0.013475399561266088
0.6247798003523194,0.01347117794486219
0.6249755333724799,0.013466958972752852
0.6251712663926404,0.013462742642454617
0.6253669994128009,0.013458528951486692
0.6255627324329615,0.013454317897371726
0.625758465453122,0.013450109477635253
0.6259541984732825,0.013445903689806138
0.6261499314934429,0.013754298218193184
0.6263456645136034,0.01375000000000004
0.6265413975337639,0.013745704467353903
0.6267371305539244,0.013741411617738897
0.626932863574085,0.01373712144864192
0.6271285965942455,0.013732833957553092
0.627324329614406,0.01372854914196564
0.6275200626345665,0.013724266999376122
0.6277157956547269,0.013719987527284094
0.6279115286748874,0.013715710723191998
0.6281072616950479,0.014023060143346866
0.6283029947152085,0.014018691588784993
0.628498727735369,0.014014325755216439
0.6286944607555295,0.014009962640099571
0.62889019377569,0.014005602240896309
0.6290859267958505,0.01431238332296203
0.6292816598160109,0.014307931570762045
0.6294773928361714,0.014303482587064709
0.629673125856332,0.014299036369288198
0.6298688588764925,0.01429459291485391
0.630064591896653,0.01429015222118668
0.6302603249168135,0.014285714285714235
0.630456057936974,0.014281279105867739
0.6306517909571344,0.014276846679081356
0.6308475239772949,0.01427241700279247
0.6310432569974554,0.014267990074441683
0.631238990017616,0.014263565891472818
0.6314347230377765,0.014259144451332917
0.631630456057937,0.014254725751471908
0.6318261890780975,0.014250309789343274
0.632021922098258,0.01424589656240327
0.6322176551184184,0.014241486068111486
0.632413388138579,0.014237078303930617
0.6326091211587395,0.01423267326732669
0.6328048541789,0.014228270955768618
0.6330005871990605,0.014223871366728535
0.633196320219221,0.014528593508500776
0.6333920532393815,0.014524103831891177
0.6335877862595419,0.014519616929255519
0.6337835192797024,0.014515132798023522
0.633979252299863,0.014510651435628241
0.6341749853200235,0.01450617283950617
0.634370718340184,0.014501697007096581
0.6345664513603445,0.014497223935842074
0.634762184380505,0.014801110083256241
0.6349579174006655,0.015104808877928533
0.6351536504208259,0.015100154083204975
0.6353493834409865,0.015095502156500351
0.635545116461147,0.01509085309516478
0.6357408494813075,0.015086206896551713
0.635936582501468,0.015081563558017819
0.6361323155216285,0.015076923076923099
0.636328048541789,0.015072285450630551
0.6365237815619496,0.015067650676506728
0.63671951458211,0.015063018751921287
0.6369152476022705,0.015058389674247108
0.637110980622431,0.01505376344086018
0.6373067136425915,0.015049140049140042
0.637502446662752,0.015044519496469122
0.6376981796829125,0.015039901780233289
0.637893912703073,0.01503528689782141
0.6380896457232335,0.015030674846625791
0.638285378743394,0.01502606562404174
0.6384811117635545,0.015021459227467782
0.638676844783715,0.015016855654305883
0.6388725778038755,0.015012254901960786
0.639068310824036,0.015007656967840788
0.6392640438441966,0.015003061849356958
0.6394597768643571,0.014998469543924142
0.6396555098845175,0.014993880048959629
0.639851242904678,0.01498929336188437
0.6400469759248385,0.014984709480122316
0.640242708944999,0.014980128401100634
0.6404384419651595,0.014975550122249381
0.64063417498532,0.014970974641002166
0.6408299080054806,0.014966401954795372
0.6410256410256411,0.014961832061068714
0.6412213740458015,0.014957264957264904
0.641417107065962,0.014952700640829986
0.6416128400861225,0.014948139109212888
0.641808573106283,0.01494358035986576
0.6420043061264435,0.01493902439024386
0.6422000391466041,0.014934471197805554
0.6423957721667646,0.014929920780012207
0.642591505186925,0.014925373134328401
0.6427872382070855,0.014920828258221719
0.642982971227246,0.01491628614916285
0.6431787042474065,0.014911746804625703
0.643374437267567,0.014907210222086964
0.6435701702877276,0.01490267639902676
0.6437659033078881,0.014898145332927992
0.6439616363280486,0.014893617021276562
0.644157369348209,0.01488909146156181
0.6443531023683695,0.014884568651275853
0.64454883538853,0.014880048587913808
0.6447445684086905,0.014875531268973896
0.6449403014288511,0.014871016691957561
0.6451360344490116,0.014866504854368912
0.6453317674691721,0.014861995753715496
0.6455275004893325,0.014857489387507528
0.645723233509493,0.014852985753258552
0.6459189665296535,0.014848484848484889
0.646114699549814,0.014843986670705855
0.6463104325699746,0.01483949121744399
0.6465061655901351,0.014834998486224604
0.6467018986102956,0.014830508474576232
0.6468976316304561,0.014826021180030291
0.6470933646506165,0.014821536600120977
0.647289097670777,0.014817054732385815
0.6474848306909375,0.014812575574365217
0.6476805637110981,0.014808099123602259
0.6478762967312586,0.014803625377643459
0.6480720297514191,0.014799154334038
0.6482677627715796,0.014794685990338174
0.6484634957917401,0.014790220344099048
0.6486592288119005,0.014785757392878685
0.648854961832061,0.014781297134238258
0.6490506948522216,0.014776839565741828
0.6492464278723821,0.014772384684956341
0.6494421608925426,0.014767932489451518
0.6496378939127031,0.01476348297680019
0.6498336269328636,0.014759036144578297
0.650029359953024,0.01475459199036433
0.6502250929731845,0.015051173991571298
0.650420825993345,0.015046644598254555
0.6506165590135056,0.015042117930204602
0.6508122920336661,0.015037593984962405
0.6510080250538266,0.015033072760072153
0.6512037580739871,0.015028554253080806
0.6513994910941476,0.015024038461538436
0.651595224114308,0.01501952538299789
0.6517909571344686,0.01501501501501501
0.6519866901546291,0.015010507355148639
0.6521824231747896,0.015006002400960394
0.6523781561949501,0.015001500150015001
0.6525738892151106,0.014997000599880073
0.6527696222352711,0.014992503748125885
0.6529653552554316,0.014988009592326157
0.653161088275592,0.014983518130056939
0.6533568212957526,0.0149790293588975
0.6535525543159131,0.014974543276430108
0.6537482873360736,0.014970059880239472
0.6539440203562341,0.014965579167913745
0.6541397533763946,0.014961101137043742
0.6543354863965551,0.014956625785222832
0.6545312194167155,0.014952153110047828
0.6547269524368761,0.014947683109118093
0.6549226854570366,0.014943215780035879
0.6551184184771971,0.014938751120406324
0.6553141514973576,0.014934289127837563
0.6555098845175181,0.014929829799940286
0.6557056175376786,0.014925373134328401
0.6559013505578392,0.01492091912861837
0.6560970835779996,0.014916467780429543
0.6562928165981601,0.014912019087384487
0.6564885496183206,0.01490757304710788
0.6566842826384811,0.014903129657228065
0.6568800156586416,0.014898688915375491
0.6570757486788021,0.01489425081918383
0.6572714816989627,0.014889815366289416
0.6574672147191231,0.014885382554331694
0.6576629477392836,0.014880952380952328
0.6578586807594441,0.014876524843796535
0.6580544137796046,0.01487209994051164
0.6582501467997651,0.014867677668748192
0.6584458798199256,0.014863258026159287
0.6586416128400862,0.014858841010401136
0.6588373458602467,0.0148544266191325
0.6590330788804071,0.014850014850014803
0.6592288119005676,0.014845605700712583
0.6594245449207281,0.014841199168892816
0.6596202779408886,0.014836795252225476
0.6598160109610491,0.014832393948383316
0.6600117439812097,0.014827995255041526
0.6602074770013702,0.01482359916987841
0.6604032100215307,0.014819205690574933
0.6605989430416911,0.014814814814814836
0.6607946760618516,0.014810426540284305
0.6609904090820121,0.014806040864672743
0.6611861421021726,0.014801657785671996
0.6613818751223332,0.014797277300976575
0.6615776081424937,0.014792899408283988
0.6617733411626542,0.014788524105294298
0.6619690741828146,0.014784151389710232
0.6621648072029751,0.014779781259237401
0.6623605402231356,0.014775413711583973
0.6625562732432961,0.01477104874446089
0.6627520062634567,0.01476668635558176
0.6629477392836172,0.014762326542663073
0.6631434723037777,0.014757969303423879
0.6633392053239382,0.014753614635585666
0.6635349383440986,0.014749262536873142
0.6637306713642591,0.014744913005013238
0.6639264043844196,0.01474056603773588
0.6641221374045801,0.014736221632773328
0.6643178704247407,0.014731879787860946
0.6645136034449012,0.014727540500736325
0.6647093364650617,0.014723203769140158
0.6649050694852222,0.014718869590815475
0.6651008025053826,0.014714537963507968
0.6652965355255431,0.014710208884966214
0.6654922685457036,0.014705882352941124
0.6656880015658642,0.014701558365186718
0.6658837345860247,0.014697236919459122
0.6660794676061852,0.014692918013517464
0.6662752006263457,0.014688601645123422
0.6664709336465061,0.014684287812041119
0.6666666666666666,0.014679976512037562
0.6668623996868271,0.014675667742882315
0.6670581327069877,0.01467136150234738
0.6672538657271482,0.01466705778820765
0.6674495987473087,0.014662756598240456
0.6676453317674692,0.014658457930225688
0.6678410647876297,0.014654161781946118
0.6680367978077901,0.014649868151186629
0.6682325308279506,0.014645577035735213
0.6684282638481112,0.014641288433382083
0.6686239968682717,0.014637002341920335
0.6688197298884322,0.014632718759145402
0.6690154629085927,0.014628437682855489
0.6692111959287532,0.014624159110851132
0.6694069289489136,0.014619883040935644
0.6696026619690741,0.014615609470914892
0.6697983949892347,0.014611338398597296
0.6699941280093952,0.014607069821793717
0.6701898610295557,0.014602803738317793
0.6703855940497162,0.014598540145985384
0.6705813270698767,0.014594279042615343
0.6707770600900372,0.014590020426028638
0.6709727931101976,0.014585764294049008
0.6711685261303582,0.014581510644502749
0.6713642591505187,0.014577259475218707
0.6715599921706792,0.014573010784027951
0.6717557251908397,0.014568764568764547
0.6719514582110002,0.014564520827264782
0.6721471912311607,0.014560279557367495
0.6723429242513213,0.01455604075691408
0.6725386572714817,0.014551804423748593
0.6727343902916422,0.014547570555717204
0.6729301233118027,0.014543339150668966
0.6731258563319632,0.014539110206455375
0.6733215893521237,0.014534883720930258
0.6735173223722842,0.014530659691949999
0.6737130553924447,0.014526438117373641
0.6739087884126052,0.014522218995062453
0.6741045214327657,0.014518002322880363
0.6743002544529262,0.014513788098693747
0.6744959874730867,0.01450957632037142
0.6746917204932472,0.014505366985784751
0.6748874535134077,0.014501160092807441
0.6750831865335682,0.014496955639315745
0.6752789195537288,0.01449275362318836
0.6754746525738892,0.014488554042306534
0.6756703855940497,0.014484356894553851
0.6758661186142102,0.014480162177816447
0.6760618516343707,0.014475969889982676
0.6762575846545312,0.01447178002894356
0.6764533176746917,0.01446759259259256
0.6766490506948523,0.014463407578825582
0.6768447837150128,0.014459224985540753
0.6770405167351732,0.014455044810638862
0.6772362497553337,0.014450867052023142
0.6774319827754942,0.014735625541750896
0.6776277157956547,0.014731369150779883
0.6778234488158152,0.01472711521801906
0.6780191818359758,0.014722863741339465
0.6782149148561363,0.014718614718614687
0.6784106478762967,0.014714368147720758
0.6786063808964572,0.014710124026535931
0.6788021139166177,0.014705882352941124
0.6789978469367782,0.014701643124819808
0.6791935799569387,0.014697406340057673
0.6793893129770993,0.014693171996542742
0.6795850459972598,0.014688940092165925
0.6797807790174203,0.014684710624820019
0.6799765120375807,0.014680483592400706
0.6801722450577412,0.01467625899280578
0.6803679780779017,0.014672036823935586
0.6805637110980622,0.014667817083692802
0.6807594441182228,0.014663599769982771
0.6809551771383833,0.014659384880712834
0.6811509101585438,0.014655172413793105
0.6813466431787042,0.014650962367135922
0.6815423761988647,0.014646754738655954
0.6817381092190252,0.01464254952627042
0.6819338422391857,0.014638346727898988
0.6821295752593463,0.014634146341463428
0.6823253082795068,0.014629948364888179
0.6825210412996673,0.014625752796099789
0.6827167743198278,0.01462155963302747
0.6829125073399882,0.014617368873602765
0.6831082403601487,0.014613180515759328
0.6833039733803092,0.014608994557433364
0.6834997064004698,0.014604810996563522
0.6836954394206303,0.014600629831090783
0.6838911724407908,0.014596451058958237
0.6840869054609513,0.014592274678111639
0.6842826384811118,0.01458810068649885
0.6844783715012722,0.014583929082070402
0.6846741045214327,0.014579759862778707
0.6848698375415933,0.01457559302657907
0.6850655705617538,0.014571428571428569
0.6852613035819143,0.014567266495287057
0.6854570366020748,0.014848657909765861
0.6856527696222353,0.014844419069369064
0.6858485026423957,0.014840182648401812
0.6860442356625562,0.014835948644793207
0.6862399686827167,0.01483171705647457
0.6864357017028773,0.014827487881380108
0.6866314347230378,0.014823261117445807
0.6868271677431983,0.014819036762610427
0.6870229007633588,0.014814814814814836
0.6872186337835193,0.014810595272002236
0.6874143668036797,0.014806378132118492
0.6876100998238402,0.014802163393111356
0.6878058328440008,0.014797951052931135
0.6880015658641613,0.014793741109530578
0.6881972988843218,0.014789533560864654
0.6883930319044823,0.014785328404890552
0.6885887649246428,0.014781125639567905
0.6887844979448033,0.014776925262858787
0.6889802309649637,0.015056818181818143
0.6891759639851243,0.015052541891508064
0.6893716970052848,0.015048268029528633
0.6895674300254453,0.015043996593812059
0.6897631630456058,0.015039727582292883
0.6899588960657663,0.015035460992907757
0.6901546290859268,0.015031196823596105
0.6903503621060872,0.015026935072299352
0.6905460951262478,0.015022675736961477
0.6907418281464083,0.015018418815528456
0.6909375611665688,0.01501416430594904
0.6911332941867293,0.01500991220617387
0.6913290272068898,0.015005662514156248
0.6915247602270503,0.0150014152278517
0.6917204932472109,0.014997170345217858
0.6919162262673713,0.014992927864215022
0.6921119592875318,0.014988687782805377
0.6923076923076923,0.014984450098953883
0.6925034253278528,0.014980214810627501
0.6926991583480133,0.014975981915795411
0.6928948913681738,0.014971751412429346
0.6930906243883344,0.01496752329850326
0.6932863574084948,0.014963297571993217
0.6934820904286553,0.014959074230877834
0.6936778234488158,0.014954853273137725
0.6938735564689763,0.014950634696755949
0.6940692894891368,0.014946418499718006
0.6942650225092973,0.014942204680011284
0.6944607555294579,0.014937993235625724
0.6946564885496184,0.014933784164553376
0.6948522215697788,0.014929577464788735
0.6950479545899393,0.014925373134328401
0.6952436876100998,0.0149211711711712
0.6954394206302603,0.014916971573318283
0.6956351536504208,0.01491277433877325
0.6958308866705814,0.014908579465541472
0.6960266196907419,0.014904386951631099
0.6962223527109024,0.014900196795052056
0.6964180857310628,0.014896008993816712
0.6966138187512233,0.014891823545939875
0.6968095517713838,0.014887640449438244
0.6970052847915443,0.014883459702330848
0.6972010178117048,0.014879281302638936
0.6973967508318654,0.0148751052483862
0.6975924838520259,0.01487093153759822
0.6977882168721863,0.014866760168302906
0.6979839498923468,0.014862591138530612
0.6981796829125073,0.014858424446313467
0.6983754159326678,0.014854260089686044
0.6985711489528283,0.014850098066685358
0.6987668819729889,0.014845938375350087
0.6989626149931494,0.014841781013721689
0.6991583480133099,0.014837625979843172
0.6993540810334703,0.014833473271760433
0.6995498140536308,0.014829322887521035
0.6997455470737913,0.01482517482517487
0.6999412800939518,0.014821029082774051
0.7001370131141124,0.014816885658372914
0.7003327461342729,0.014812744550027901
0.7005284791544334,0.014808605755797677
0.7007242121745939,0.014804469273743015
0.7009199451947543,0.014800335101926798
0.7011156782149148,0.01479620323841424
0.7013114112350753,0.014792073681272666
0.7015071442552359,0.014787946428571397
0.7017028772753964,0.014783821478382198
0.7018986102955569,0.014779698828778609
0.7020943433157174,0.014775578477836615
0.7022900763358778,0.014771460423634308
0.7024858093560383,0.014767344664251891
0.7026815423761988,0.014763231197771565
0.7028772753963594,0.014759120022277972
0.7030730084165199,0.014755011135857421
0.7032687414366804,0.014750904536598997
0.7034644744568409,0.014746800222593226
0.7036602074770014,0.01474269819193319
0.7038559404971618,0.01473859844271408
0.7040516735173223,0.014734500973033082
0.7042474065374829,0.014730405780989386
0.7044431395576434,0.01472631286468462
0.7046388725778039,0.014722222222222192
0.7048346055979644,0.014718133851707838
0.7050303386181249,0.014714047751249293
0.7052260716382853,0.014709963918956404
0.7054218046584458,0.014705882352941124
0.7056175376786064,0.01470180305131763
0.7058132706987669,0.014697726012201873
0.7060090037189274,0.014693651233712246
0.7062047367390879,0.01468957871396892
0.7064004697592484,0.014685508451094509
0.7065962027794089,0.01468144044321329
0.7067919357995693,0.014677374688451983
0.7069876688197299,0.014673311184939086
0.7071834018398904,0.014669249930805428
0.7073791348600509,0.014665190924183724
0.7075748678802114,0.0146611341632088
0.7077706009003719,0.014657079646017701
0.7079663339205324,0.01465302737074925
0.708162066940693,0.014648977335544489
0.7083577999608534,0.01464492953854657
0.7085535329810139,0.014640883977900532
0.7087492660011744,0.014636840651753635
0.7089449990213349,0.014632799558255138
0.7091407320414954,0.014628760695556187
0.7093364650616559,0.014624724061810146
0.7095321980818164,0.01462068965517238
0.7097279311019768,0.014616657473800365
0.7099236641221374,0.01461262751585335
0.7101193971422979,0.014608599779492804
0.7103151301624584,0.014604574262882308
0.7105108631826189,0.014600550964187331
0.7107065962027794,0.014596529881575337
0.7109023292229399,0.014867841409691662
0.7110980622431005,0.014863748967795187
0.7112937952632609,0.01513483764446888
0.7114895282834214,0.015130674002751032
0.7116852613035819,0.015126512651265078
0.7118809943237424,0.015122353588122084
0.7120767273439029,0.015118196811434892
0.7122724603640634,0.015114042319318455
0.712468193384224,0.015109890109890056
0.7126639264043845,0.015105740181268867
0.7128596594245449,0.015101592531576058
0.7130553924447054,0.015097447158934907
0.7132511254648659,0.015093304061470914
0.7134468584850264,0.015089163237311354
0.7136425915051869,0.015085024684585835
0.7138383245253475,0.015080888401425852
0.714034057545508,0.015076754385964897
0.7142297905656684,0.015072622636338684
0.7144255235858289,0.015068493150684925
0.7146212566059894,0.01506436592714322
0.7148169896261499,0.015060240963855387
0.7150127226463104,0.015056118258965245
0.715208455666471,0.0150519978106185
0.7154041886866315,0.015047879616963078
0.715599921706792,0.015043763676148791
0.7157956547269524,0.015039649986327563
0.7159913877471129,0.015035538545653315
0.7161871207672734,0.015031429352282077
0.7163828537874339,0.015027322404371546
0.7165785868075945,0.01502321770008197
0.716774319827755,0.015019115237575043
0.7169700528479155,0.01501501501501501
0.7171657858680759,0.015010917030567672
0.7173615188882364,0.01500682128240105
0.7175572519083969,0.015002727768685165
0.7177529849285574,0.014998636487592032
0.717948717948718,0.014994547437295558
0.7181444509688785,0.014990460615971646
0.718340183989039,0.01498637602179842
0.7185359170091995,0.014982293652955558
0.7187316500293599,0.014978213507625293
0.7189273830495204,0.0149741355839913
0.7191231160696809,0.014970059880239472
0.7193188490898414,0.014965986394557818
0.719514582110002,0.014961915125136005
0.7197103151301625,0.014957846070165925
0.719906048150323,0.014953779227841246
0.7201017811704835,0.014949714596357744
0.7202975141906439,0.014945652173913082
0.7204932472108044,0.014941591958706923
0.720688980230965,0.014937533948940818
0.7208847132511255,0.014933478142818313
0.721080446271286,0.014929424538545066
0.7212761792914465,0.014925373134328401
0.721471912311607,0.014921323928377639
0.7216676453317674,0.01491727691890421
0.7218633783519279,0.014913232104121432
0.7220591113720884,0.014909189482244511
0.722254844392249,0.01490514905149054
0.7224505774124095,0.01490111081007861
0.72264631043257,0.0148970747562297
0.7228420434527305,0.014893040888166786
0.723037776472891,0.014889009204114734
0.7232335094930514,0.014884979702300405
0.723429242513212,0.014880952380952328
0.7236249755333725,0.014876927238301363
0.723820708553533,0.014872904272579812
0.7240164415736935,0.0148688834820222
0.724212174593854,0.014864864864864824
0.7244079076140145,0.014860848419346095
0.724603640634175,0.014856834143706088
0.7247993736543354,0.015122873345935761
0.724995106674496,0.015118790496760237
0.7251908396946565,0.015114709851551944
0.725386572714817,0.015110631408526753
0.7255823057349775,0.015106555165902313
0.725778038755138,0.015102481121898603
0.7259737717752985,0.015098409274737157
0.7261695047954589,0.015094339622641506
0.7263652378156195,0.015090272163837293
0.72656097083578,0.015086206896551713
0.7267567038559405,0.015082143819014293
0.726952436876101,0.015078082929456116
0.7271481698962615,0.015074024226110372
0.727343902916422,0.015069967707212029
0.7275396359365826,0.015065913370998163
0.727735368956743,0.015061861215707406
0.7279311019769035,0.015057811239580499
0.728126834997064,0.01505376344086018
0.7283225680172245,0.015049717817790964
0.728518301037385,0.015045674368619033
0.7287140340575455,0.015041633091592788
0.728909767077706,0.015037593984962405
0.7291055000978665,0.01503355704697984
0.729301233118027,0.015029522275899043
0.7294969661381875,0.015025489669975856
0.729692699158348,0.015289699570815496
0.7298884321785085,0.01528559935639584
0.730084165198669,0.015281501340482562
0.7302798982188295,0.015277405521307963
0.7304756312389901,0.015273311897106123
0.7306713642591505,0.01526922046611301
0.730867097279311,0.015265131226566697
0.7310628302994715,0.015261044176706817
0.731258563319632,0.01525695931477511
0.7314542963397925,0.0152528766390152
0.731650029359953,0.015248796147672605
0.7318457623801136,0.015244717838994393
0.7320414954002741,0.015240641711229963
0.7322372284204345,0.015236567762630271
0.732432961440595,0.01523249599144838
0.7326286944607555,0.015228426395939132
0.732824427480916,0.01522435897435892
0.7330201605010765,0.015220293724966583
0.7332158935212371,0.0152162306460224
0.7334116265413976,0.01521216973578865
0.733607359561558,0.015208110992529389
0.7338030925817185,0.01520405441451056
0.733998825601879,0.015199999999999991
0.7341945586220395,0.015195947747267402
0.7343902916422,0.015191897654584174
0.7345860246623606,0.0151878497202238
0.7347817576825211,0.015183803942461327
0.7349774907026816,0.01517976031957391
0.735173223722842,0.015175718849840258
0.7353689567430025,0.015171679531541082
0.735564689763163,0.015167642362958977
0.7357604227833235,0.015163607342378316
0.7359561558034841,0.015159574468085135
0.7361518888236446,0.015155543738367472
0.7363476218438051,0.015151515151515138
0.7365433548639656,0.015147488705819834
0.736739087884126,0.015143464399574924
0.7369348209042865,0.015139442231075662
0.737130553924447,0.015135422198619186
0.7373262869446076,0.015131404300504414
0.7375220199647681,0.015127388535031816
0.7377177529849286,0.015123374900504083
0.7379134860050891,0.01511936339522546
0.7381092190252495,0.01511535401750197
0.73830495204541,0.01511134676564152
0.7385006850655705,0.015107341637953908
0.738696418085731,0.015103338632750374
0.7388921511058916,0.015099337748344377
0.7390878841260521,0.015095338983050821
0.7392836171462126,0.015091342335186608
0.7394793501663731,0.015087347803070417
0.7396750831865335,0.015083355385022479
0.739870816206694,0.015343915343915326
0.7400665492268546,0.015339857180640015
0.7402622822470151,0.01560021152829194
0.7404580152671756,0.01559608776103616
0.7406537482873361,0.01559196617336156
0.7408494813074966,0.015587846763540303
0.741045214327657,0.015583729529846768
0.7412409473478175,0.015579614470557224
0.741436680367978,0.01557550158394927
0.7416324133881386,0.015571390868302948
0.7418281464082991,0.015567282321899745
0.7420238794284596,0.015563175943022922
0.7422196124486201,0.015559071729957852
0.7424153454687806,0.015554969680991348
0.742611078488941,0.015550869794412225
0.7428068115091015,0.015546772068511183
0.7430025445292621,0.015542676501580588
0.7431982775494226,0.015538583091914693
0.7433940105695831,0.015534491837809417
0.7435897435897436,0.015530402737562565
0.7437854766099041,0.015526315789473721
0.7439812096300646,0.015522230991844244
0.744176942650225,0.015518148342977378
0.7443726756703856,0.015514067841178036
0.7445684086905461,0.015509989484752906
0.7447641417107066,0.015505913272010563
0.7449598747308671,0.01576458223857069
0.7451556077510276,0.01576044129235621
0.7453513407711881,0.01575630252100846
0.7455470737913485,0.015752165922814365
0.7457428068115091,0.015748031496062964
0.7459385398316696,0.015743899239044845
0.7461342728518301,0.015739769150052485
0.7463300058719906,0.015735641227380026
0.7465257388921511,0.015731515469323498
0.7467214719123116,0.01572739187418082
0.7469172049324722,0.01572327044025157
0.7471129379526326,0.015981137018601044
0.7473086709727931,0.01597695128339449
0.7475044039929536,0.01597276774024614
0.7477001370131141,0.01596858638743459
0.7478958700332746,0.015964407223239996
0.7480916030534351,0.015960230245944507
0.7482873360735957,0.015956055453832052
0.7484830690937562,0.015951882845188337
0.7486788021139166,0.01594771241830062
0.7488745351340771,0.01594354417145849
0.7490702681542376,0.01593937810295265
0.7492660011743981,0.015935214211076243
0.7494617341945586,0.015931052494123743
0.7496574672147192,0.015926892950391625
0.7498532002348797,0.015922735578178027
0.7500489332550401,0.015918580375782865
0.7502446662752006,0.015914427341507942
0.7504403992953611,0.015910276473656726
0.7506361323155216,0.015906127770534573
0.7508318653356821,0.015901981230448392
0.7510275983558427,0.015897836851707092
0.7512233313760032,0.015893694632621136
0.7514190643961637,0.015889554571502984
0.7516147974163241,0.015885416666666652
0.7518105304364846,0.015881280916428042
0.7520062634566451,0.015877147319104612
0.7522019964768056,0.015873015873015928
0.7523977294969662,0.015868886576482777
0.7525934625171267,0.01586475942782839
0.7527891955372872,0.015860634425376996
0.7529849285574477,0.015856511567455156
0.7531806615776081,0.015852390852390874
0.7533763945977686,0.01584827227851393
0.7535721276179291,0.015844155844155883
0.7537678606380896,0.016099714359906536
0.7539635936582502,0.016095534787123555
0.7541593266784107,0.016091357383856697
0.7543550596985712,0.0160871821484172
0.7545507927187316,0.016083009079118082
0.7547465257388921,0.016078838174273913
0.7549422587590526,0.01607466943220115
0.7551379917792131,0.01607050285121825
0.7553337247993737,0.016066338429645
0.7555294578195342,0.016062176165803077
0.7557251908396947,0.016058016058016045
0.7559209238598552,0.01605385810460902
0.7561166568800156,0.016049702303908897
0.7563123899001761,0.016045548654244346
0.7565081229203366,0.016041397153945702
0.7567038559404972,0.016037247801345078
0.7568995889606577,0.01603310059477636
0.7570953219808182,0.016028955532574996
0.7572910550009787,0.01602481261307831
0.7574867880211391,0.0160206718346253
0.7576825210412996,0.016016533195556737
0.7578782540614601,0.016012396694214837
0.7580739870816207,0.016008262328943923
0.7582697201017812,0.016004130098089875
0.7584654531219417,0.016000000000000014
0.7586611861421022,0.015995872033023772
0.7588569191622627,0.015991746195512024
0.7590526521824231,0.01598762248581742
0.7592483852025836,0.01598350090229439
0.7594441182227442,0.015979381443299023
0.7596398512429047,0.015975264107188858
0.7598355842630652,0.01597114889232354
0.7600313172832257,0.015967035797064155
0.7602270503033862,0.01596292481977346
0.7604227833235467,0.015958815958815986
0.7606185163437071,0.015954709212557927
0.7608142493638677,0.015950604579367145
0.7610099823840282,0.015946502057613166
0.7612057154041887,0.015942401645667292
0.7614014484243492,0.01593830334190227
0.7615971814445097,0.015934207144692847
0.7617929144646702,0.015930113052415207
0.7619886474848306,0.015926021063447204
0.7621843805049912,0.01592193117616847
0.7623801135251517,0.015917843388960184
0.7625758465453122,0.01591375770020531
0.7627715795654727,0.015909674108288474
0.7629673125856332,0.015905592611595742
0.7631630456057937,0.01590151320851496
0.7633587786259542,0.015897435897435863
0.7635545116461147,0.015893360676749513
0.7637502446662752,0.01588928754484875
0.7639459776864357,0.015885216500128085
0.7641417107065962,0.015881147540983576
0.7643374437267567,0.01587708066581306
0.7645331767469172,0.015873015873015928
0.7647289097670777,0.015868953160993127
0.7649246427872383,0.01586489252814738
0.7651203758073987,0.01586083397288307
0.7653161088275592,0.015856777493606145
0.7655118418477197,0.01610841217080028
0.7657075748678802,0.01610429447852757
0.7659033078880407,0.01610017889087656
0.7660990409082012,0.01635155850792025
0.7662947739283618,0.016347381864623256
0.7664905069485222,0.01634320735444328
0.7666862399686827,0.016339034975746736
0.7668819729888432,0.016334864726901488
0.7670777060090037,0.016330696606277062
0.7672734390291642,0.01632653061224487
0.7674691720493247,0.016322366743177774
0.7676649050694853,0.016318204997450292
0.7678606380896458,0.016314045373438724
0.7680563711098062,0.016309887869520923
0.7682521041299667,0.016305732484076407
0.7684478371501272,0.016301579215486472
0.7686435701702877,0.016297428062133967
0.7688393031904482,0.016293279022403295
0.7690350362106088,0.016289132094680525
0.7692307692307693,0.016284987277353724
0.7694265022509297,0.01628084456881196
0.7696222352710902,0.016276703967446626
0.7698179682912507,0.016272565471650124
0.7700137013114112,0.01626842907981696
0.7702094343315717,0.01626429479034308
0.7704051673517323,0.016260162601625994
0.7706009003718928,0.016256032512064977
0.7707966333920533,0.016251904520060978
0.7709923664122137,0.016247778624016274
0.7711880994323742,0.01624365482233503
0.7713838324525347,0.016239533113422966
0.7715795654726952,0.016235413495687467
0.7717752984928558,0.016231295967537362
0.7719710315130163,0.016227180527383367
0.7721667645331768,0.01622306717363753
0.7723624975533373,0.016218955904713672
0.7725582305734977,0.016214846719027065
0.7727539635936582,0.016210739614994973
0.7729496966138187,0.016206634591035662
0.7731454296339793,0.016202531645569618
0.7733411626541398,0.016198430777018435
0.7735368956743003,0.01619433198380571
0.7737326286944608,0.016190235264356145
0.7739283617146212,0.016186140617096556
0.7741240947347817,0.016182048040455088
0.7743198277549422,0.016177957532861442
0.7745155607751028,0.016173869092746984
0.7747112937952633,0.016169782718544745
0.7749070268154238,0.01616569840868909
0.7751027598355843,0.016161616161616155
0.7752984928557448,0.016157535975763748
0.7754942258759052,0.016153457849570896
0.7756899588960657,0.016149381781478733
0.7758856919162262,0.016145307769929396
0.7760814249363868,0.016141235813367016
0.7762771579565473,0.01613716591023706
0.7764728909767078,0.01613309805898666
0.7766686239968683,0.016129032258064502
0.7768643570170288,0.016124968505920934
0.7770600900371892,0.01612090680100753
0.7772558230573497,0.016116847141777857
0.7774515560775103,0.01611278952668682
0.7776472890976708,0.016108733954190768
0.7778430221178313,0.01610468042274782
0.7780387551379918,0.01610062893081765
0.7782344881581523,0.01609657947686116
0.7784302211783127,0.016343977872768423
0.7786259541984732,0.016339869281045805
0.7788216872186338,0.016335762754460914
0.7790174202387943,0.01633165829145733
0.7792131532589548,0.01632755589047974
0.7794088862791153,0.01632345554997494
0.7796046192992758,0.016319357268390622
0.7798003523194363,0.016315261044176688
0.7799960853395967,0.016311166875784155
0.7801918183597573,0.01630707476166582
0.7803875513799178,0.016302984700275913
0.7805832844000783,0.01629889669007023
0.7807790174202388,0.016294810729506115
0.7809747504403993,0.016290726817042578
0.7811704834605598,0.016286644951140072
0.7813662164807202,0.016282565130260496
0.7815619495008808,0.01627848735286752
0.7817576825210413,0.016274411617426154
0.7819534155412018,0.016270337922402955
0.7821491485613623,0.01626626626626626
0.7823448815815228,0.016262196647485627
0.7825406146016833,0.01625812906453228
0.7827363476218439,0.01625406351587899
0.7829320806420043,0.016249999999999987
0.7831278136621648,0.01624593851537115
0.7833235466823253,0.01624187906046981
0.7835192797024858,0.01623782163377463
0.7837150127226463,0.016233766233766267
0.7839107457428068,0.01622971285892638
0.7841064787629674,0.01622566150773841
0.7843022117831279,0.01622161217868734
0.7844979448032883,0.016217564870259493
0.7846936778234488,0.01621351958094286
0.7848894108436093,0.016209476309226978
0.7850851438637698,0.016205435053602613
0.7852808768839303,0.016201395812562303
0.7854766099040909,0.01619735858460003
0.7856723429242514,0.01619332336821122
0.7858680759444118,0.016189290161892855
0.7860638089645723,0.016185258964143467
0.7862595419847328,0.016181229773462813
0.7864552750048933,0.016177202588352424
0.7866510080250538,0.016173177407315276
0.7868467410452143,0.016169154228855676
0.7870424740653749,0.016165133051479708
0.7872382070855354,0.016161113873694677
0.7874339401056958,0.016157096694009443
0.7876296731258563,0.01640159045725642
0.7878254061460168,0.016397515527950324
0.7880211391661773,0.016393442622950838
0.7882168721863378,0.016389371740749947
0.7884126052064984,0.01638530287984108
0.7886083382266589,0.016381236038719327
0.7888040712468194,0.016377171215880892
0.7889998042669798,0.016373108409823867
0.7891955372871403,0.016369047619047672
0.7893912703073008,0.016364988842053063
0.7895870033274613,0.01636093207734257
0.7897827363476219,0.01635687732342006
0.7899784693677824,0.016352824578790837
0.7901742023879429,0.016348773841961872
0.7903699354081033,0.01634472511144136
0.7905656684282638,0.01634067838573905
0.7907614014484243,0.01633663366336635
0.7909571344685848,0.0163325909428359
0.7911528674887454,0.016328550222661997
0.7913486005089059,0.016324511501360384
0.7915443335290664,0.016320474777448024
0.7917400665492269,0.01631644004944377
0.7919357995693873,0.016312407315867472
0.7921315325895478,0.016555473190017267
0.7923272656097083,0.016551383399209474
0.7925229986298689,0.016547295628550285
0.7927187316500294,0.01654320987654323
0.7929144646701899,0.016539126141693394
0.7931101976903504,0.016535044422507417
0.7933059307105108,0.01653096471749327
0.7935016637306713,0.016526887025160364
0.7936973967508318,0.016522811344019783
0.7938931297709924,0.016518737672583828
0.7940888627911529,0.016514666009366574
0.7942845958113134,0.01651059635288321
0.7944803288314739,0.016506528701650702
0.7946760618516344,0.016502463054187233
0.7948717948717948,0.016498399409012543
0.7950675278919553,0.016494337764647926
0.7952632609121159,0.01649027811961601
0.7954589939322764,0.01648622047244097
0.7956547269524369,0.016482164821648215
0.7958504599725974,0.01647811116576492
0.7960461929927579,0.01647405950331937
0.7962419260129184,0.016470009832841637
0.7964376590330788,0.01646596215286311
0.7966333920532394,0.016707616707616668
0.7968291250733999,0.016703512650454444
0.7970248580935604,0.016944990176817276
0.7972205911137209,0.01694082985514367
0.7974163241338814,0.016936671575846884
0.7976120571540419,0.01717791411042946
0.7978077901742023,0.01717369970559368
0.7980035231943629,0.017169487368162817
0.7981992562145234,0.017165277096615972
0.7983949892346839,0.017161068889433695
0.7985907222548444,0.01715686274509809
0.7987864552750049,0.01715265866209259
0.7989821882951654,0.01714845663890252
0.799177921315326,0.017144256674014202
0.7993736543354863,0.017140058765915733
0.7995693873556469,0.017135862913096656
0.7997651203758074,0.017131669114047954
0.7999608533959679,0.017127477367262056
0.8001565864161284,0.017123287671232834
0.8003523194362889,0.017119100024455824
0.8005480524564494,0.017114914425427896
0.80074378547661,0.01711073087264725
0.8009395184967704,0.017106549364613866
0.8011352515169309,0.01710236989982894
0.8013309845370914,0.017098192476795337
0.8015267175572519,0.017094017094017144
0.8017224505774124,0.01708984375
0.8019181835975729,0.01708567244325121
0.8021139166177335,0.01708150317227919
0.8023096496378939,0.017077335935594018
0.8025053826580544,0.017073170731707332
0.8027011156782149,0.017069007559131877
0.8028968486983754,0.017064846416382284
0.8030925817185359,0.017060687301974187
0.8032883147386964,0.017056530214424992
0.803484047758857,0.01705237515225333
0.8036797807790175,0.017048222113979494
0.8038755137991779,0.017044071098125113
0.8040712468193384,0.017039922103213256
0.8042669798394989,0.017035775127768327
0.8044627128596594,0.01703163017031628
0.8046584458798199,0.01702748722938463
0.8048541788999805,0.017023346303501996
0.805049911920141,0.017019207391198665
0.8052456449403014,0.017015070491006368
0.8054413779604619,0.017010935601458055
0.8056371109806224,0.017006802721088454
0.8058328440007829,0.017002671848433293
0.8060285770209434,0.016998542982030074
0.806224310041104,0.016994416120417632
0.8064200430612645,0.016990291262135915
0.806615776081425,0.016986168405726754
0.8068115091015854,0.016982047549733092
0.8070072421217459,0.01697792869269954
0.8072029751419064,0.016973811833171704
0.8073987081620669,0.016969696969696968
0.8075944411822275,0.01696558410082405
0.807790174202388,0.016961473225102996
0.8079859072225485,0.0169573643410853
0.808181640242709,0.01695325744732379
0.8083773732628694,0.017191283292978254
0.8085731062830299,0.017187121762285207
0.8087688393031904,0.01718296224588578
0.808964572323351,0.01717880474231792
0.8091603053435115,0.01717464925012091
0.809356038363672,0.01717049576783558
0.8095517713838325,0.017166344294003877
0.8097475044039929,0.017162194827169408
0.8099432374241534,0.017158047365877227
0.8101389704443139,0.017153901908673608
0.8103347034644744,0.017149758454106268
0.810530436484635,0.017145617000724478
0.8107261695047955,0.01714147754707873
0.810921902524956,0.017137340091720965
0.8111176355451165,0.01713320463320467
0.8113133685652769,0.017129071170084442
0.8115091015854374,0.017124939700916553
0.811704834605598,0.017120810224258487
0.8119005676257585,0.017116682738669287
0.812096300645919,0.017112557242709103
0.8122920336660795,0.017108433734939754
0.81248776668624,0.01710431221392439
0.8126834997064005,0.017100192678227377
0.8128792327265609,0.017096075126414645
0.8130749657467214,0.01709195955705345
0.813270698766882,0.01708784596871238
0.8134664317870425,0.017083734359961467
0.813662164807203,0.01732018282415204
0.8138578978273635,0.017316017316017285
0.814053630847524,0.0173118538110123
0.8142493638676844,0.017307692307692357
0.8144450968878449,0.017303532804614274
0.8146408299080055,0.017299375300336428
0.814836562928166,0.017295219793418193
0.8150322959483265,0.01729106628242072
0.815228028968487,0.01728691476590638
0.8154237619886475,0.01728276524243877
0.815619495008808,0.017278617710583144
0.8158152280289684,0.017274472168905985
0.816010961049129,0.017510194291196934
0.8162066940692895,0.017505995203836888
0.81640242708945,0.0175017981299449
0.8165981601096105,0.01749760306807291
0.816793893129771,0.017493410016774513
0.8169896261499315,0.017489218974604648
0.8171853591700919,0.0174850299401198
0.8173810921902525,0.017480842911877348
0.817576825210413,0.017476657888436664
0.8177725582305735,0.017472474868358012
0.817968291250734,0.01746829385020343
0.8181640242708945,0.01746411483253585
0.818359757291055,0.01745993781392008
0.8185554903112156,0.017455762792922047
0.818751223331376,0.01745158976810901
0.8189469563515365,0.01744741873804967
0.819142689371697,0.017443249701314167
0.8193384223918575,0.01743908265647398
0.819534155412018,0.017434917602101696
0.8197298884321785,0.017430754536771675
0.819925621452339,0.017426593459059392
0.8201213544724996,0.01742243436754176
0.82031708749266,0.01741827726079692
0.8205128205128205,0.017414122137404564
0.820708553532981,0.0174099689959456
0.8209042865531415,0.01740581783500239
0.821100019573302,0.01740166865315851
0.8212957525934625,0.017397521448999087
0.8214914856136231,0.017393376221110368
0.8216872186337835,0.017389232968080037
0.821882951653944,0.017385091688497223
0.8220786846741045,0.017380952380952386
0.822274417694265,0.017376815044037097
0.8224701507144255,0.017372679676344593
0.822665883734586,0.01736854627646922
0.8228616167547466,0.01760228353948623
0.8230573497749071,0.017598097502972698
0.8232530827950675,0.01759391345696626
0.823448815815228,0.017827430473021155
0.8236445488353885,0.01782319391634979
0.823840281855549,0.018056545497742937
0.8240360148757095,0.018052256532066546
0.8242317478958701,0.01804796960341959
0.8244274809160306,0.018043684710351338
0.8246232139361911,0.018039401851412284
0.8248189469563515,0.018035121025154255
0.825014679976512,0.018030842230130517
0.8252104129966725,0.018026565464895672
0.825406146016833,0.018022290728005652
0.8256018790369936,0.018018018018018056
0.8257976120571541,0.01801374733349137
0.8259933450773146,0.018009478672985746
0.826189078097475,0.01800521203506278
0.8263848111176355,0.018000947418285174
0.826580544137796,0.01799668482121719
0.8267762771579565,0.0179924242424242
0.8269720101781171,0.017988165680473345
0.8271677431982776,0.017983909133932774
0.8273634762184381,0.017979654601372186
0.8275592092385986,0.01797540208136239
0.827754942258759,0.01820761409316618
0.8279506752789195,0.018439716312056764
0.82814640829908,0.018435358071377972
0.8283421413192406,0.018431001890359178
0.8285378743394011,0.01842664776754077
0.8287336073595616,0.018422295701464364
0.8289293403797221,0.01841794569067301
0.8291250733998825,0.018413597733711096
0.829320806420043,0.01840925182912434
0.8295165394402035,0.018404907975460127
0.829712272460364,0.01840056617126684
0.8299080054805246,0.018396226415094308
0.8301037385006851,0.01839188870549402
0.8302994715208456,0.018387553041018356
0.8304952045410061,0.018383219420221586
0.8306909375611665,0.018378887841658864
0.830886670581327,0.0183745583038869
0.8310824036014876,0.01837023080546396
0.8312781366216481,0.018365905344949418
0.8314738696418086,0.01836158192090398
0.8316696026619691,0.018357260531889907
0.8318653356821296,0.018352941176470572
0.8320610687022901,0.01834862385321101
0.8322568017224505,0.01834430856067737
0.832452534742611,0.01833999529743713
0.8326482677627716,0.01833568406205921
0.8328440007829321,0.01833137485311398
0.8330397338030926,0.018562030075187974
0.8332354668232531,0.018557669720460468
0.8334311998434136,0.018553311413809337
0.833626932863574,0.018548955153791957
0.8338226658837345,0.01854460093896715
0.8340183989038951,0.01854024876789484
0.8342141319240556,0.018535898639136517
0.8344098649442161,0.018531550551254994
0.8346055979643766,0.01852720450281431
0.8348013309845371,0.018522860492379833
0.8349970640046976,0.01851851851851849
0.835192797024858,0.018514178579798424
0.8353885300450186,0.018509840674789113
0.8355842630651791,0.018505504802061368
0.8357799960853396,0.01850117096018733
0.8359757291055001,0.018496839147740585
0.8361714621256606,0.018492509363295828
0.8363671951458211,0.01848818160542942
0.8365629281659817,0.018483855872718724
0.8367586611861421,0.01847953216374265
0.8369543942063026,0.01847521047708134
0.8371501272264631,0.018470890811316365
0.8373458602466236,0.01846657316503042
0.8375415932667841,0.018462257536807636
0.8377373262869446,0.0184579439252337
0.8379330593071052,0.018453632328895075
0.8381287923272656,0.018449322746380226
0.8383245253474261,0.01844501517627828
0.8385202583675866,0.01844070961718025
0.8387159913877471,0.018436406067677935
0.8389117244079076,0.0184321045263649
0.8391074574280681,0.018427804991835828
0.8393031904482287,0.018423507462686617
0.8394989234683892,0.018419211937514612
0.8396946564885496,0.01841491841491838
0.8398903895087101,0.01841062689349804
0.8400861225288706,0.018406337371854598
0.8402818555490311,0.01840204984859073
0.8404775885691916,0.018397764322310217
0.8406733215893522,0.018393480791618178
0.8408690546095127,0.018389199255121058
0.8410647876296731,0.01838491971142653
0.8412605206498336,0.018380642159143812
0.8414562536699941,0.01837636659688302
0.8416519866901546,0.01837209302325582
0.8418477197103151,0.018367821436875098
0.8420434527304757,0.018363551836355185
0.8422391857506362,0.01835928422031141
0.8424349187707967,0.01835501858736055
0.8426306517909571,0.018350754936120817
0.8428263848111176,0.018346493265211317
0.8430221178312781,0.01834223357325282
0.8432178508514386,0.018337975858867206
0.8434135838715991,0.018333720120677688
0.8436093168917597,0.018329466357308588
0.8438050499119202,0.018325214567385784
0.8440007829320807,0.01832096474953615
0.8441965159522411,0.01854857407836774
0.8443922489724016,0.018776077885952702
0.8445879819925621,0.01877172653534187
0.8447837150127226,0.0187673772011121
0.8449794480328832,0.018994672226082976
0.8451751810530437,0.018990273274664182
0.8453709140732042,0.018985876360268605
0.8455666470933646,0.018981481481481488
0.8457623801135251,0.018977088636889627
0.8459581131336856,0.01897269782508093
0.8461538461538461,0.01896830904464497
0.8463495791740067,0.018963922294172098
0.8465453121941672,0.018959537572254326
0.8467410452143277,0.018955154877485003
0.8469367782344882,0.018950774208458476
0.8471325112546486,0.018946395563770757
0.8473282442748091,0.018942018942018968
0.8475239772949696,0.01893764434180134
0.8477197103151302,0.018933271761717885
0.8479154433352907,0.018928901200369386
0.8481111763554512,0.018924532656358184
0.8483069093756117,0.01915089986155971
0.8485026423957722,0.019146482122260666
0.8486983754159326,0.019142066420664183
0.8488941084360931,0.019137652755360834
0.8490898414562537,0.019133241124942413
0.8492855744764142,0.019128831528001822
0.8494813074965747,0.01912442396313363
0.8496770405167352,0.019120018428933405
0.8498727735368957,0.01911561492399816
0.8500685065570561,0.019111213446926123
0.8502642395772166,0.01910681399631675
0.8504599725973772,0.019102416570771052
0.8506557056175377,0.019098021168890922
0.8508514386376982,0.01909362778927992
0.8510471716578587,0.019089236430542833
0.8512429046780192,0.01908484709128533
0.8514386376981797,0.019080459770114966
0.8516343707183401,0.01907607446564008
0.8518301037385007,0.019071691176470562
0.8520258367586612,0.019067309901217522
0.8522215697788217,0.01906293063849329
0.8524173027989822,0.019058553386911647
0.8526130358191427,0.019054178145087253
0.8528087688393032,0.019049804911636437
0.8530045018594636,0.019045433685176638
0.8532002348796242,0.01904106446432663
0.8533959678997847,0.019036697247706402
0.8535917009199452,0.01903233203393717
0.8537874339401057,0.019027968821641483
0.8539831669602662,0.019023607609442994
0.8541788999804267,0.019019248395967026
0.8543746330005872,0.019014891179839677
0.8545703660207477,0.01901053595968849
0.8547660990409082,0.01900618273414245
0.8549618320610687,0.019001831501831545
0.8551575650812292,0.01899748226138709
0.8553532981013897,0.01899313501144162
0.8555490311215502,0.01898878975062912
0.8557447641417107,0.018984446477584682
0.8559404971618713,0.018980105190944396
0.8561362301820317,0.01897576588934613
0.8563319632021922,0.018971428571428528
0.8565276962223527,0.01896709323583179
0.8567234292425132,0.018962759881197222
0.8569191622626737,0.018958428506167246
0.8571148952828342,0.018954099109385725
0.8573106283029948,0.01894977168949774
0.8575063613231552,0.01894544624514949
0.8577020943433157,0.018941122774988606
0.8578978273634762,0.01893680127766373
0.8580935603836367,0.018932481751824826
0.8582892934037972,0.0189281641961232
0.8584850264239577,0.018923848609211147
0.8586807594441183,0.018919534989742415
0.8588764924642788,0.018915223336371967
0.8590722254844392,0.018910913647755767
0.8592679585045997,0.018906605922551223
0.8594636915247602,0.018902300159416963
0.8596594245449207,0.018897996357012725
0.8598551575650812,0.01889369451399958
0.8600508905852418,0.018889394629039602
0.8602466236054023,0.01888509670079641
0.8604423566255628,0.01888080072793452
0.8606380896457232,0.01887650670911989
0.8608338226658837,0.01887221464301958
0.8610295556860442,0.018867924528301883
0.8612252887062047,0.018863636363636416
0.8614210217263653,0.018859350147693688
0.8616167547465258,0.01885506587914587
0.8618124877666863,0.018850783556665918
0.8620082207868467,0.01884650317892822
0.8622039538070072,0.018842224744608393
0.8623996868271677,0.018837948252383163
0.8625954198473282,0.018833673700930365
0.8627911528674888,0.018829401088929165
0.8629868858876493,0.018825130415060065
0.8631826189078098,0.018820861678004563
0.8633783519279703,0.01881659487644527
0.8635740849481307,0.018812330009066236
0.8637698179682912,0.018808067074552404
0.8639655509884517,0.01880380607159038
0.8641612840086123,0.018799546998867545
0.8643570170287728,0.018795289855072506
0.8645527500489333,0.0187910346388952
0.8647484830690938,0.01878678134902667
0.8649442160892542,0.01900882552613714
0.8651399491094147,0.01900452488687787
0.8653356821295752,0.01900022619316899
0.8655314151497357,0.018995929443690662
0.8657271481698963,0.018991634637124166
0.8659228811900568,0.01898734177215189
0.8661186142102173,0.01898305084745766
0.8663143472303778,0.0189787618617262
0.8665100802505382,0.01897447481364356
0.8667058132706987,0.01897018970189701
0.8669015462908592,0.01919169112666519
0.8670972793110198,0.019187358916478603
0.8672930123311803,0.01918302866170163
0.8674887453513408,0.01917870036101088
0.8676844783715013,0.01917437401308364
0.8678802113916618,0.01917004961659896
0.8680759444118222,0.01916572717023679
0.8682716774319827,0.019161406672678072
0.8684674104521433,0.019157088122605415
0.8686631434723038,0.019152771518702094
0.8688588764924643,0.01914845685965305
0.8690546095126248,0.019144144144144115
0.8692503425327853,0.019139833370862447
0.8694460755529457,0.019135524538496207
0.8696418085731062,0.019131217645734888
0.8698375415932668,0.019126912691269093
0.8700332746134273,0.019122609673790758
0.8702290076335878,0.019118308591992816
0.8704247406537483,0.019114009444569424
0.8706204736739088,0.019109712230215847
0.8708162066940693,0.019330186558777274
0.8710119397142297,0.01955056179775283
0.8712076727343903,0.01954616940013476
0.8714034057545508,0.019541778975741275
0.8715991387747113,0.01953739052324277
0.8717948717948718,0.019533004041311197
0.8719906048150323,0.019528619528619506
0.8721863378351928,0.01952423698384198
0.8723820708553534,0.019519856405654012
0.8725778038755138,0.019515477792732216
0.8727735368956743,0.019511101143754206
0.8729692699158348,0.01950672645739915
0.8731650029359953,0.01950235373234699
0.8733607359561558,0.019497982967279226
0.8735564689763163,0.01949361416087836
0.8737522019964769,0.019489247311827995
0.8739479350166373,0.019484882418812965
0.8741436680367978,0.01948051948051943
0.8743394010569583,0.019476158495634666
0.8745351340771188,0.0196956132497762
0.8747308670972793,0.01969120608637276
0.8749266001174398,0.019910514541387037
0.8751223331376004,0.019906061283829102
0.8753180661577609,0.019901610017889038
0.8755137991779213,0.019897160742231135
0.8757095321980818,0.019892713455520794
0.8759052652182423,0.019888268156424527
0.8761009982384028,0.019883824843610398
0.8762967312585633,0.01987938351574714
0.8764924642787238,0.01987494417150515
0.8766881972988844,0.01987050680955571
0.8768839303190448,0.01986607142857144
0.8770796633392053,0.01986163802722607
0.8772753963593658,0.019857206604194544
0.8774711293795263,0.020075842070042427
0.8776668623996868,0.020071364852810025
0.8778625954198473,0.02006688963210701
0.8780583284400079,0.020062416406598338
0.8782540614601684,0.020057945174949854
0.8784497944803288,0.020053475935828846
0.8786455275004893,0.020049008687903713
0.8788412605206498,0.020044543429844075
0.8790369935408103,0.02004008016032066
0.8792327265609708,0.020035618878005312
0.8794284595811314,0.02003115958157131
0.8796241926012919,0.020026702269692942
0.8798199256214524,0.020022246941045596
0.8800156586416128,0.020017793594306
0.8802113916617733,0.020013342228152098
0.8804071246819338,0.020008892841262838
0.8806028577020943,0.020004445432318274
0.8807985907222549,0.020000000000000018
0.8809943237424154,0.019995556542990456
0.8811900567625759,0.020213238560639724
0.8813857897827363,0.02020874972240727
0.8815815228028968,0.02020426287744226
0.8817772558230573,0.020199778024417303
0.8819729888432178,0.020195295162006244
0.8821687218633784,0.020190814288883918
0.8823644548835389,0.02018633540372672
0.8825601879036994,0.020181858505211814
0.8827559209238599,0.020177383592017706
0.8829516539440203,0.02017291066282423
0.8831473869641808,0.02039007092198586
0.8833431199843413,0.020385552847329902
0.8835388530045019,0.020381036774479444
0.8837345860246624,0.020376522702104105
0.8839303190448229,0.02037201062887506
0.8841260520649834,0.0203675005534647
0.8843217850851439,0.020362992474546204
0.8845175181053043,0.020358486390794406
0.8847132511254648,0.02035398230088492
0.8849089841456254,0.020570670205706687
0.8851047171657859,0.0205661211853162
0.8853004501859464,0.020561574176431563
0.8854961832061069,0.020557029177718844
0.8856919162262674,0.02055248618784533
0.8858876492464278,0.020768890852850164
0.8860833822665883,0.02076430307046606
0.8862791152867489,0.020980565371024773
0.8864748483069094,0.021196732170457033
0.8866705813270699,0.021192052980132492
0.8868663143472304,0.02118737585521957
0.8870620473673909,0.02118270079435125
0.8872577803875514,0.021398632252371486
0.8874535134077118,0.02139391265990298
0.8876492464278724,0.0213891951488423
0.8878449794480329,0.0213844797178131
0.8880407124681934,0.021600176327970066
0.8882364454883539,0.021595416483032204
0.8884321785085144,0.021590658735404222
0.8886279115286749,0.021585903083700453
0.8888236445488353,0.021581149526536003
0.8890193775689958,0.021576398062527535
0.8892151105891564,0.02157164869029271
0.8894108436093169,0.021566901408450745
0.8896065766294774,0.02156215621562152
0.8898023096496379,0.021777386713594415
0.8899980426697984,0.02177259731691228
0.8901937756899589,0.021987686895338587
0.8903895087101193,0.021982853374368005
0.8905852417302799,0.02197802197802201
0.8907809747504404,0.021973192704900057
0.8909767077706009,0.02196836555360282
0.8911724407907614,0.021963540522732306
0.8913681738109219,0.02195871761089152
0.8915639068310824,0.022173435784851758
0.891759639851243,0.022168568920105325
0.8919553728714034,0.02216370419135394
0.8921511058915639,0.022158841597191725
0.8923468389117244,0.02237332748409737
0.8925425719318849,0.022368421052631593
0.8927383049520454,0.022363516772637593
0.8929340379722059,0.022358614642700614
0.8931297709923665,0.02235371466140701
0.8933255040125269,0.022567922874671353
0.8935212370326874,0.022562979189485244
0.8937169700528479,0.022558037669732856
0.8939127030730084,0.02255309831399166
0.8941084360931689,0.022548161120840682
0.8943041691133294,0.022543226088859725
0.89449990213349,0.022538293216630145
0.8946956351536505,0.022533362502734633
0.8948913681738109,0.022528433945756765
0.8950871011939714,0.022523507544281673
0.8952828342141319,0.02251858329689549
0.8954785672342924,0.022513661202185786
0.8956743002544529,0.02250874125874125
0.8958700332746135,0.02272230718811452
0.896065766294774,0.022717343818261293
0.8962614993149345,0.022930770910679188
0.8964572323350949,0.022925764192139764
0.8966529653552554,0.022920759659463052
0.8968486983754159,0.022915757311217755
0.8970444313955764,0.022910757145974237
0.897240164415737,0.02290575916230364
0.8974358974358975,0.022900763358778664
0.897631630456058,0.022895769733973004
0.8978273634762184,0.022890778286461688
0.8980230964963789,0.0228857890148213
0.8982188295165394,0.02288080191762909
0.8984145625366999,0.022875816993464082
0.8986102955568605,0.02287083424090608
0.898806028577021,0.02286585365853655
0.8990017615971815,0.02286087524493796
0.899197494617342,0.022855898998694002
0.8993932276375024,0.02285092491838958
0.8995889606576629,0.02284595300261094
0.8997846936778234,0.022840983249945657
0.899980426697984,0.02283601565898219
0.9001761597181445,0.023048488801913458
0.900371892738305,0.02304347826086961
0.9005676257584655,0.0230384698978483
0.9007633587786259,0.02303346371142978
0.9009590917987864,0.023028459700195514
0.9011548248189469,0.02302345786272808
0.9013505578391074,0.02301845819761128
0.901546290859268,0.02323056882327401
0.9017420238794285,0.023225526372910754
0.901937756899589,0.02322048611111116
0.9021334899197495,0.02321544803645037
0.9023292229399099,0.02321041214750541
0.9025249559600704,0.023205378442854085
0.902720688980231,0.02320034692107542
0.9029164220003915,0.023195317580750108
0.903112155020552,0.023190290420459503
0.9033078880407125,0.023185265438786518
0.903503621060873,0.023180242634315396
0.9036993540810335,0.02317522200563138
0.9038950871011939,0.023170203551320934
0.9040908201213544,0.023165187269971854
0.904286553141515,0.02316017316017316
0.9044822861616755,0.023155161220515086
0.904678019181836,0.023150151449588874
0.9048737522019965,0.023145143845987426
0.905069485222157,0.023140138408304534
0.9052652182423174,0.0231351351351351
0.9054609512624779,0.023130134025075688
0.9056566842826385,0.023125135076723535
0.905852417302799,0.02312013828867765
0.9060481503229595,0.023115143659537707
0.90624388334312,0.023110151187904937
0.9064396163632805,0.02310516087238179
0.906635349383441,0.02310017271157172
0.9068310824036014,0.023311029570472708
0.907026815423762,0.02330599913681486
0.9072225484439225,0.023300970873786353
0.907418281464083,0.023295944779982758
0.9076140144842435,0.02329092085400042
0.907809747504404,0.023285899094437235
0.9080054805245645,0.023280879499892215
0.908201213544725,0.02327586206896548
0.9083969465648855,0.023270846800258593
0.908592679585046,0.023265833692374005
0.9087884126052065,0.02326082274391561
0.908984145625367,0.023255813953488413
0.9091798786455275,0.02325080731969864
0.909375611665688,0.02324580284115363
0.9095713446858485,0.023455993113836837
0.909767077706009,0.023666092943201322
0.9099628107261695,0.023661002366100248
0.91015854374633,0.023655913978494647
0.9103542767664905,0.023865835304235694
0.910550009786651,0.02407566638005154
0.9107457428068115,0.024070492155598533
0.910941475826972,0.02406532015470564
0.9111372088471326,0.024060150375939893
0.911332941867293,0.024269759450171846
0.9115286748874535,0.024264547992269736
0.911724407907614,0.024259338772005146
0.9119201409277745,0.02425413178793734
0.912115873947935,0.024248927038626578
0.9123116069680955,0.02424372452263468
0.9125073399882561,0.02445302445302444
0.9127030730084165,0.024447780398884844
0.912898806028577,0.02465694682675812
0.9130945390487375,0.024651661307609873
0.913290272068898,0.02464637805400771
0.9134860050890585,0.024641097064495354
0.913681738109219,0.024850042844901443
0.9138774711293796,0.02505889912186765
0.9140732041495401,0.025053533190578126
0.9142689371697005,0.025048169556840083
0.914464670189861,0.025042808219178037
0.9146604032100215,0.025037449176118165
0.914856136230182,0.025032092426187424
0.9150518692503425,0.025026737967914436
0.9152476022705031,0.025021385799828932
0.9154433352906636,0.02522984819328633
0.9156390683108241,0.025224454895254378
0.9158348013309845,0.02521906390254325
0.916030534351145,0.025213675213675235
0.9162262673713055,0.02520828882717363
0.916422000391466,0.025202904741563392
0.9166177334116266,0.025197522955370477
0.9168134664317871,0.025192143467122063
0.9170091994519476,0.025186766275346884
0.917204932472108,0.025394793000426796
0.9174006654922685,0.025389374866652492
0.917596398512429,0.025597269624573427
0.9177921315325895,0.02559181062060145
0.91798786455275,0.02558635394456288
0.9181835975729106,0.02558089959496912
0.9183793305930711,0.025575447570332477
0.9185750636132316,0.025569997869166805
0.918770796633392,0.025777588410737073
0.9189665296535525,0.025772097976570874
0.919162262673713,0.025766609880749525
0.9193579956938736,0.025761124121779888
0.9195537287140341,0.02575564069816938
0.9197494617341946,0.025750159608427303
0.9199451947543551,0.02574468085106385
0.9201409277745156,0.025739204424590545
0.920336660794676,0.025733730327520243
0.9205323938148365,0.025728258558367023
0.920728126834997,0.025722789115646294
0.9209238598551576,0.025717321997874576
0.9211195928753181,0.025711857203569943
0.9213153258954786,0.025918844274484765
0.9215110589156391,0.025913338997451185
0.9217067919357995,0.025907836058611133
0.92190252495596,0.025902335456475578
0.9220982579761205,0.025896837189556376
0.9222939909962811,0.025891341256366718
0.9224897240164416,0.025885847655421124
0.9226854570366021,0.025880356385235448
0.9228811900567626,0.025874867444326655
0.9230769230769231,0.02586938083121293
0.9232726560970835,0.02586389654441379
0.923468389117244,0.025858414582450195
0.9236641221374046,0.025852934943843997
0.9238598551575651,0.025847457627118597
0.9240555881777256,0.02584198263079851
0.9242513211978861,0.02583650995340958
0.9244470542180466,0.025831039593478766
0.924642787238207,0.025825571549534243
0.9248385202583675,0.025820105820105854
0.9250342532785281,0.02581464240372411
0.9252299862986886,0.02580918129892107
0.9254257193188491,0.02580372250423013
0.9256214523390096,0.02579826601818569
0.9258171853591701,0.02579281183932347
0.9260129183793306,0.025787359966180534
0.926208651399491,0.02578191039729505
0.9264043844196516,0.025776463131206406
0.9266001174398121,0.02577101816645544
0.9267958504599726,0.025976768743400158
0.9269915834801331,0.025971283783783772
0.9271873165002936,0.025965801139962053
0.9273830495204541,0.025960320810468507
0.9275787825406147,0.025954842793838417
0.9277745155607751,0.025949367088607622
0.9279702485809356,0.02615481965829991
0.9281659816010961,0.026149304091100833
0.9283617146212566,0.026354627872654413
0.9285574476414171,0.02634907251264751
0.9287531806615776,0.026343519494204437
0.9289489136817382,0.026337968815844937
0.9291446467018986,0.02633242047609019
0.9293403797220591,0.02632687447346249
0.9295361127422196,0.026321330806485577
0.9297318457623801,0.02631578947368418
0.9299275787825406,0.026310250473584484
0.9301233118027011,0.026304713804713775
0.9303190448228617,0.026509572901325495
0.9305147778430222,0.0267143458140513
0.9307105108631826,0.026919032597266024
0.9309062438833431,0.02691337258200166
0.9311019769035036,0.026907714946394767
0.9312977099236641,0.027112232030264805
0.9314934429438246,0.027106534986341635
0.9316891759639852,0.02710084033613447
0.9318849089841457,0.02730518798571724
0.9320806420043062,0.02729945401091982
0.9322763750244666,0.02750367415494437
0.9324721080446271,0.02749790092359361
0.9326678410647876,0.02749213011542495
0.9328635740849481,0.027486361728913167
0.9330593071051086,0.027480595762534143
0.9332550401252692,0.0274748322147651
0.9334507731454297,0.027678758649612112
0.9336465061655901,0.02767295597484276
0.9338422391857506,0.027667155732550852
0.9340379722059111,0.027661357921207053
0.9342337052260716,0.02786507437670227
0.9344294382462321,0.027859237536656867
0.9346251712663927,0.02785340314136131
0.9348209042865532,0.028056951423785614
0.9350166373067137,0.02805107808247853
0.9352123703268741,0.02804520719966508
0.9354081033470346,0.028039338773802047
0.9356038363671951,0.028033472803347226
0.9357995693873556,0.028236770550094104
0.9359953024075162,0.028439983270598046
0.9361910354276767,0.02843403721513693
0.9363867684478372,0.02842809364548493
0.9365825014679976,0.028422152560083624
0.9367782344881581,0.028416213957375702
0.9369739675083186,0.028410277835805298
0.9371697005284791,0.0286131996658312
0.9373654335486397,0.028607224890373817
0.9375611665688002,0.028601252609603334
0.9377568995889607,0.02859528282195789
0.9379526326091212,0.028589315525876513
0.9381483656292816,0.02858335071979967
0.9383440986494421,0.02857738840216939
0.9385398316696026,0.02877997914494268
0.9387355646897632,0.028773978315262738
0.9389312977099237,0.028767979987492143
0.9391270307300842,0.0287619841600667
0.9393227637502447,0.028755990831423217
0.9395184967704052,0.028750000000000053
0.9397142297905656,0.028952301603832553
0.9399099628107261,0.0289462723865056
0.9401056958308867,0.0291484488861129
0.9403014288510472,0.029142381348875923
0.9404971618712077,0.02913631633714875
0.9406928948913682,0.02913025384935497
0.9408886279115287,0.02912419388391929
0.9410843609316891,0.02911813643926786
0.9412800939518496,0.02911208151382827
0.9414758269720102,0.029106029106029108
0.9416715599921707,0.02909997921430052
0.9418672930123312,0.029093931837073983
0.9420630260324917,0.029087886972782084
0.9422587590526522,0.029081844619858743
0.9424544920728127,0.029075804776739322
0.9426502250929731,0.029069767441860517
0.9428459581131337,0.02906373261365991
0.9430416911332942,0.02905770029057697
0.9432374241534547,0.02905167047105206
0.9434331571736152,0.02904564315352698
0.9436288901937757,0.02903961833644475
0.9438246232139362,0.02903359601824973
0.9440203562340967,0.029027576197387495
0.9442160892542572,0.029021558872305175
0.9444118222744177,0.029222797927461186
0.9446075552945782,0.02921674264401164
0.9448032883147387,0.029210689869484163
0.9449990213348992,0.02941176470588236
0.9451947543550597,0.029612756264236872
0.9453904873752202,0.029813664596273326
0.9455862203953806,0.029807493272614338
0.9457819534155412,0.0300082781456954
0.9459776864357017,0.030002069108214346
0.9461734194558622,0.02999586263963594
0.9463691524760227,0.02998965873836612
0.9465648854961832,0.029983457402812275
0.9467606185163437,0.02997725863138312
0.9469563515365043,0.029971062422488592
0.9471520845566647,0.029964868774540188
0.9473478175768252,0.029958677685950397
0.9475435505969857,0.030159058045858278
0.9477392836171462,0.030152829409334947
0.9479350166373067,0.03014660334503405
0.9481307496574672,0.03014037985136253
0.9483264826776278,0.030340557275541746
0.9485222156977882,0.03033429632686757
0.9487179487179487,0.030328037961625753
0.9489136817381092,0.030321782178217793
0.9491094147582697,0.03052175706331206
0.9493051477784302,0.03072164948453604
0.9495008807985907,0.030715316429602124
0.9496966138187513,0.030708985985160808
0.9498923468389118,0.03070265814959816
0.9500880798590722,0.030696332921302028
0.9502838128792327,0.030895983522142068
0.9504795458993932,0.031095551894563478
0.9506752789195537,0.03129503808935552
0.9508710119397142,0.03149444215726638
0.9510667449598748,0.03148796048569669
0.9512624779800353,0.031481481481481444
0.9514582110001958,0.03168072413083722
0.9516539440203562,0.03167420814479638
0.9518496770405167,0.03166769483857701
0.9520454100606772,0.03166118421052633
0.9522411430808377,0.031860226104830414
0.9524368761009983,0.03185367858610766
0.9526326091211588,0.031847133757961776
0.9528283421413193,0.032046014790468313
0.9530240751614797,0.03203943314849045
0.9532198081816402,0.03223819301848052
0.9534155412018007,0.03223157462533366
0.9536112742219612,0.03243021346469621
0.9538070072421218,0.03242355838292632
0.9540027402622823,0.03241690603200653
0.9541984732824428,0.03241025641025641
0.9543942063026033,0.032403609515996745
0.9545899393227637,0.032602009432027845
0.9547856723429242,0.032595325953259535
0.9549814053630847,0.03279360524697683
0.9551771383832452,0.03299180327868856
0.9553728714034058,0.03318992009834054
0.9555686044235663,0.0331831216714461
0.9557643374437268,0.033176326029080494
0.9559600704638873,0.03337428337428339
0.9561558034840477,0.03336745138178099
0.9563515365042082,0.03336062218583713
0.9565472695243687,0.03335379578473496
0.9567430025445293,0.03355155482815053
0.9569387355646898,0.03354469216608713
0.9571344685848503,0.0335378323108384
0.9573302016050108,0.03353097526068294
0.9575259346251712,0.0337285363859362
0.9577216676453317,0.033721643163703297
0.9579174006654922,0.033714752758479793
0.9581131336856528,0.0337078651685393
0.9583088667058133,0.033905228758169925
0.9585045997259738,0.03389830508474578
0.9587003327461343,0.03389138423846472
0.9588960657662948,0.033884466217595444
0.9590917987864552,0.033877551020408125
0.9592875318066157,0.03387063864517448
0.9594832648267763,0.03386372909016733
0.9596789978469368,0.033856822353661054
0.9598747308670973,0.03384991843393148
0.9600704638872578,0.03404689092762492
0.9602661969074183,0.03424378312270693
0.9604619299275787,0.0342368045649073
0.9606576629477392,0.03422982885085579
0.9608533959678998,0.03422285597881447
0.9610491289880603,0.03421588594704683
0.9612448620082208,0.03420891875381793
0.9614405950283813,0.03420195439739415
0.9616363280485418,0.03419499287604311
0.9618320610687023,0.03439153439153442
0.9620277940888627,0.03438453713123091
0.9622235271090233,0.034377542717656584
0.9624192601291838,0.03437055114907461
0.9626149931493443,0.03456689711264738
0.9628107261695048,0.03476316324456186
0.9630064591896653,0.03495934959349589
0.9632021922098258,0.03495224547856124
0.9633979252299864,0.034945144250304705
0.9635936582501468,0.03493804590696725
0.9637893912703073,0.035134037367993476
0.9639851242904678,0.035329949238578684
0.9641808573106283,0.03552578156719444
0.9643765903307888,0.03551857113862389
0.9645723233509493,0.0357142857142857
0.9647680563711099,0.0357070399675391
0.9649637893912703,0.03569979716024341
0.9651595224114308,0.035895355911579774
0.9653552554315913,0.03588807785888082
0.9655509884517518,0.03608351915669983
0.9657467214719123,0.03627888123226586
0.9659424544920728,0.03647416413373861
0.9661381875122333,0.03666936790923825
0.9663339205323939,0.03686449260684621
0.9665296535525543,0.037059538274605064
0.9667253865727148,0.0372545049605183
0.9669211195928753,0.037449392712550655
0.9671168526130358,0.0374418133980976
0.9673125856331963,0.037434237150951066
0.9675083186533568,0.037628970260975114
0.9677040516735174,0.037823624595469285
0.9678997846936779,0.03781597573306372
0.9680955177138383,0.037808329963606946
0.9682912507339988,0.037800687285223344
0.9684869837541593,0.03799514955537586
0.9686827167743198,0.038189533239038176
0.9688784497944803,0.038181818181818206
0.9690741828146409,0.038376085639264756
0.9692699158348014,0.038570274636510526
0.9694656488549618,0.03856248738138501
0.9696613818751223,0.03855470327008481
0.9698571148952828,0.03854692230070633
0.9700528479154433,0.03874092009685226
0.9702485809356038,0.038934839620738404
0.9704443139557644,0.039128680919725656
0.9706400469759249,0.03932244404113727
0.9708357799960854,0.03931451612903225
0.9710315130162458,0.03930659141302162
0.9712272460364063,0.03929866989117292
0.9714229790565668,0.03949224259520456
0.9716187120767273,0.03948428686543115
0.9718144450968879,0.03947633434038267
0.9720101781170484,0.03946838501812322
0.9722059111372089,0.03946043889671835
0.9724016441573693,0.039653784219001564
0.9725973771775298,0.03984705172066816
0.9727931101976903,0.03983903420523138
0.9729888432178508,0.040032186682759985
0.9731845762380114,0.040024135156878526
0.9733803092581719,0.04001608686909308
0.9735760422783324,0.04000804181745077
0.9737717752984929,0.04020100502512558
0.9739675083186533,0.04019292604501612
0.9741632413388138,0.04038577456298975
0.9743589743589743,0.04057854560064278
0.9745547073791349,0.040771239204659526
0.9747504403992954,0.04076305220883536
0.9749461734194559,0.04075486850030119
0.9751419064396164,0.040746688077077486
0.9753376394597769,0.04093919325707407
0.9755333724799373,0.041131621187801004
0.9757291055000978,0.041323971915747215
0.9759248385202584,0.041516245487364656
0.9761205715404189,0.04170844194906753
0.9763163045605794,0.041700080192461964
0.9765120375807399,0.041691721787933456
0.9767077706009004,0.04188376753507017
0.9769035036210608,0.04207573632538575
0.9770992366412213,0.04206730769230771
0.9772949696613819,0.04205888243540956
0.9774907026815424,0.04205046055266315
0.9776864357017029,0.04224224224224227
0.9778821687218634,0.04243394715772619
0.9780779017420239,0.04262557534520717
0.9782736347621844,0.04281712685074035
0.9784693677823448,0.04300860172034404
0.9786651008025053,0.04300000000000004
0.9788608338226659,0.043191361727654476
0.9790565668428264,0.0431827269092363
0.9792522998629869,0.04337397561463119
0.9794480328831474,0.04356514788169463
0.9796437659033079,0.04375624375624376
0.9798394989234684,0.043747502996404286
0.9800352319436288,0.04393848611943274
0.9802309649637894,0.04392971246006394
0.9804266979839499,0.04412058295068877
0.9806224310041104,0.04431137724550893
0.9808181640242709,0.044502095390141716
0.9810138970444314,0.04469273743016755
0.9812096300645919,0.044883303411131115
0.9814053630847523,0.04507379337854012
0.9816010961049129,0.045264207377866406
0.9817968291250734,0.045255183413078104
0.9819925621452339,0.04544548534981063
0.9821882951653944,0.04563571143882028
0.9823840281855549,0.045626618848376155
0.9825797612057154,0.04561752988047807
0.982775494225876,0.045608444532961534
0.9829712272460364,0.045798486658701676
0.9831669602661969,0.04578936890304597
0.9833626932863574,0.045979299363057335
0.9835584263065179,0.0461691542288557
0.9837541593266784,0.046358933545563086
0.9839498923468389,0.046349711557589046
0.9841456253669995,0.04634049323786793
0.9843413583871599,0.04653012527341416
0.9845370914073204,0.046520874751491026
0.9847328244274809,0.04671039554760481
0.9849285574476414,0.04689984101748812
0.9851242904678019,0.04689052255116233
0.9853200234879624,0.046881207787048074
0.985515756508123,0.046871896722939455
0.9857114895282835,0.046862589356632234
0.9859072225484439,0.0470518165574747
0.9861029555686044,0.047042477173481534
0.9862986885887649,0.04723159357015283
0.9864944216089254,0.047420634920634974
0.9866901546290859,0.04760960126958935
0.9868858876492465,0.047798492661642156
0.987081620669407,0.04798730914138405
0.9872773536895675,0.04817605075337039
0.9874730867097279,0.04816650148662038
0.9876688197298884,0.04835513277843839
0.9878645527500489,0.04834555181295819
0.9880602857702094,0.04853407290015843
0.98825601879037,0.04872251931075455
0.9884517518105305,0.048712871287128756
0.988647484830691,0.04870322708374575
0.9888432178508514,0.04889152810768016
0.9890389508710119,0.049079754601227044
0.9892346838911724,0.049070043529877316
0.9894304169113329,0.0490603363006924
0.9896261499314934,0.049050632911392444
0.989821882951654,0.04904093335969939
0.9900176159718145,0.04922894424673785
0.990213348991975,0.04941688080648354
0.9904090820121354,0.049604743083004
0.9906048150322959,0.04959494171112433
0.9908005480524564,0.04958514421177396
0.990996281072617,0.04977286193956154
0.9911920140927775,0.04996050552922593
0.991387747112938,0.05014807502467922
0.9915834801330985,0.05033557046979864
0.991779213153259,0.05032563647128474
0.9919749461734194,0.05051302288871351
0.9921706791935799,0.050700335371868244
0.9923664122137404,0.05069033530571987
0.992562145233901,0.05087753894695324
0.9927578782540615,0.05106466876971605
0.992953611274222,0.05105460279913265
0.9931493442943825,0.0512416239653134
0.9933450773145429,0.05123152709359602
0.9935408103347034,0.05122143420015757
0.9937365433548639,0.05121134528264726
0.9939322763750245,0.05120126033871608
0.994128009395185,0.05138806851742472
0.9943237424153455,0.051574803149606274
0.994519475435506,0.05156465262743559
0.9947152084556665,0.051554506099960595
0.9949109414758269,0.05174109777690339
0.9951066744959874,0.05192761605035401
0.995302407516148,0.05191740412979351
0.9954981405363085,0.05210381439244982
0.995693873556469,0.05229015136622761
0.9958896065766295,0.052476415094339646
0.99608533959679,0.05266260561996461
0.9962810726169504,0.052652259332023554
0.9964768056371109,0.05264191710862309
0.9966725386572715,0.05282796543597801
0.996868271677432,0.05281759277439624
0.9970640046975925,0.052807224185316026
0.997259737717753,0.05299313052011778
0.9974554707379135,0.05317896389324961
0.997651203758074,0.05336472434765549
0.9978469367782344,0.053354256571204406
0.998042669798395,0.05334379290056879
0.9982384028185555,0.053333333333333344
0.998434135838716,0.053322877867084895
0.9986298688588765,0.053312426499412036
0.998825601879037,0.053497942386831254
0.9990213348991975,0.05368338557993735
0.999217067919358,0.05386875612144959
0.9994128009395185,0.053858206032119105
0.999608533959679,0.053847660074407666
0.9998042669798395,0.05383711824588877
1.0,0.05402231356429832
